CTA du site;Identifiant Multiplex;opérateur de multiplex;Canal;Zone principalement couverte;Département de la zone principalement couverte;COG étendu de la Commune Zone principalement couverte;Fréquence (MHz);Diffuseur;Commune d'implantation de l'émetteur;Adresse;Département de la commune d'implantation;COG étendu de Commune d'implantation de l'émetteur;MainId (décimal);SubId (décimal);TII;Statut;Longitude;Latitude;PAR de l'émetteur (dBW);Hauteur de l'antenne;Altitude;ANGLE_000;ANGLE_010;ANGLE_020;ANGLE_030;ANGLE_040;ANGLE_050;ANGLE_060;ANGLE_070;ANGLE_080;ANGLE_090;ANGLE_100;ANGLE_110;ANGLE_120;ANGLE_130;ANGLE_140;ANGLE_150;ANGLE_160;ANGLE_170;ANGLE_180;ANGLE_190;ANGLE_200;ANGLE_210;ANGLE_220;ANGLE_230;ANGLE_240;ANGLE_250;ANGLE_260;ANGLE_270;ANGLE_280;ANGLE_290;ANGLE_300;ANGLE_310;ANGLE_320;ANGLE_330;ANGLE_340;ANGLE_350
Marseille;Marseille_intermédiaire_1;SAS Radiomux;8A;Marseille;13;13055;195,936;TDF;Septèmes-les-Vallons;LIEUDIT PETITE ETOILE;13;13106;23;10;23|10;agréé et en vigueur;005E2442;43N2316;40;66;530;1,3;0,7;0,3;0,1;0,2;0,3;0,5;0,7;0,8;0,9;0,8;0,7;0,5;0,3;0,1;0;0,1;0,4;1;1,8;2,8;3,9;5;6;6,4;6,8;7,2;6,7;7,2;6,8;6,4;6,1;5,2;4,2;3,1;2,1
Marseille;Marseille_intermédiaire_1;SAS Radiomux;8A;Aix-en-Provence;13;13001;195,936;TDF;Aix-en-Provence;LIEUDIT LA GRANCE BASTIDE ECHANGEUR A8;13;13001;23;02;23|02;agréé et en vigueur;005E2407;43N3138;35,44;25;195;17;13,8;10,9;8,7;6,4;4,8;3,1;1,7;0,6;0,1;0;0,1;0,6;1,7;3,1;4,8;6,4;8,7;10,9;13,8;17;30;30;30;30;30;30;30;30;30;30;30;30;30;30;30
Marseille;Marseille_intermédiaire_2;SAS Rmux;7A;Marseille;13;13055;188,928;TDF;Simiane-Collongue;GRANDE ETOILE;13;13107;24;10;24|10;agréé et en vigueur;005E2532;43N2302;40;148;585;12,4;17,8;22,2;19,4;30;17,4;12,3;13,5;22,2;24,3;20,9;19,6;13,1;9,2;7;5,5;4,5;3,8;2,6;2,3;3;5,7;9,1;7,6;6,7;8;6,6;3,3;1,8;1,9;3;4,1;5,1;6,2;7,9;10,2
Marseille;Nice_intermédiaire_2;SAS Rmux;11C;Nice;06;06088;220,352;TDF;Villefranche-sur-Mer;MONT LEUZE;06;06159;17;04;17|04;agréé et en vigueur;007E1915;43N4318;37,781;56;551;0,5;1,1;1,9;2,9;4;5;5,8;6,2;6,4;6,4;6,4;6,3;6,1;5,6;4,9;3,9;2,9;1,9;0,8;0,3;0,1;0;0,2;0,4;0,8;1,1;1,3;1,4;1,3;1,1;0,8;0,5;0,2;0,1;0,1;0,3
Marseille;Nice_local_2;SAS Rmux;9D;Nice;06;06088;208,064;TDF;Cantaron;LIEUDIT MONT DE L'UBAC;06;06031;04;04;04|04;agréé et en vigueur;007E1744;43N4603;40,791;30;642;10,1;9,8;9,4;9,3;9,4;9,8;10,1;10,1;9,3;7,8;6,1;4,5;3,1;2;1,2;0,7;0,3;0,1;0;0;0;0;0;0;0;0,1;0,3;0,7;1,2;2;3,1;4,5;6,1;7,8;9,3;10,1
Paris;Paris_intermédiaire_1;SAS Rmux;6A;Paris;75;75056;181,936;TDF;Les Lilas;FORT DE ROMAINVILLE;93;93045;12;10;12|10;agréé et en vigueur;002E2520;48N5307;39,03;144;129;2,5;3,5;4,5;5,4;6;6,4;6,6;6,6;6,6;6,5;6,4;6;5,4;4,6;3,6;2,6;1,7;1;0,4;0,1;0;0;0,1;0,2;0,2;0,2;0,2;0,2;0,1;0;0;0,1;0,4;0,7;1,3;2,1
Paris;Paris_local_2;SAS Rmux;9B;Paris;75;75056;204,64;TDF;Les Lilas;FORT DE ROMAINVILLE;93;93045;26;10;26|10;agréé et en vigueur;002E2520;48N5307;39,02;144;129;2;2,9;3,9;4,8;5,5;6;6,2;6,3;6,4;6,3;6,1;5,6;4,8;3,8;2,8;1,8;1,1;0,5;0,1;0;0,1;0,3;0,5;0,8;0,9;1;0,9;0,8;0,5;0,3;0,1;0;0,1;0,3;0,8;1,5
Paris;Paris_local_1;SARL La Coopérative de Radiodiffusion;9A;Paris;75;75056;202,928;La Coopérative de Radiodiffusion;Paris 18e Arrondissement;LIEUDIT CHATEAU D'EAU DU MONT CENIS;75;75118;22;10;22|10;agréé et en vigueur;002E2030;48N5314;36,02;48;125;0;0;0;0;0;0;0;1;1;2;3;4;5;6;7;7;7;8;8;8;7;7;7;6;5;4;3;2;1;1;0;0;0;0;0;0
Marseille;Marseille_local_3;SAS Rmux;8D;Marseille;13;13055;201,072;TDF;Septèmes-les-Vallons;LIEUDIT PETITE ETOILE;13;13106;07;10;07|10;agréé et en vigueur;005E2442;43N2316;40;66;530;1,3;0,7;0,3;0,1;0,2;0,3;0,5;0,7;0,8;0,9;0,8;0,7;0,5;0,3;0,1;0;0,1;0,4;1;1,8;2,8;3,9;5;6;6,4;6,8;7,2;6,7;7,2;6,8;6,4;6,1;5,2;4,2;3,1;2,1
Marseille;Marseille_local_2;SARL SDN;8C;Marseille;13;13055;199,36;ADN;Septèmes-les-Vallons;LA PETITE ETOILE;13;13106;11;10;11|10;agréé et en vigueur;005E2445;43N2321;36,02;45;557;0,2;0,1;0;0;0,1;0,2;0,2;0,2;0,2;0,2;0,1;0;0;0,1;0,2;0,6;1,1;1,7;2,6;3,4;4,3;4,9;5,4;5,7;5,8;5,8;5,8;5,7;5,4;4,9;4,3;3,4;2,5;1,8;1,1;0,6
Paris;Paris_local_3;SAS Radiomux;11A;Paris;75;75056;216,928;TDF;Les Lilas;FORT DE ROMAINVILLE;93;93045;27;10;27|10;agréé et en vigueur;002E2520;48N5307;36,02;144;129;2;2,9;3,9;4,8;5,5;6;6,2;6,3;6,4;6,3;6,1;5,6;4,8;3,8;2,8;1,8;1,1;0,5;0,1;0;0,1;0,3;0,5;0,8;0,9;1;0,9;0,8;0,5;0,3;0,1;0;0,1;0,3;0,8;1,5
Marseille;Nice_étendu_1;SAS Radiomux;11A;Nice;06;06088;216,928;TWC;Nice;Mont Vinaigrier;06;06088;31;04;31|04;agréé et en vigueur;007E1826;43N4251;40;18;362;8;9;9;9;9;9;8;7;6;4;3;2;1;0;0;0;0;0;1;1;1;1;1;0;0;0;0;0;0;0;1;2;3;4;6;7
Marseille;Nice_local_3;SAS Rmux;8D;Nice;06;06088;201,072;Autre;Villefranche-sur-Mer;MONT LEUZE;06;06159;06;04;06|04;agréé et en vigueur;007E1915;43N4318;33,01;38;551;2;3;4;7;13;21;22;23;24;24;24;24;24;24;24;24;24;23;22;21;13;7;4;3;2;1;0;0;0;0;0;0;0;0;0;1
Lille;Lille_local_1;SAS RNT Lille 1;7C;Lille;59;59350;192,352;ADB;Lambersart;90, AVENUE DE LA LIBERTÉ;59;59328;05;10;05|10;agréé et en vigueur;003E0150;50N3920;38,45;70;22;1;1;0;0;0;0;0;0;0;0;0;0;0;1;1;2;3;4;5;5;6;6;6;6;6;6;6;6;6;6;6;5;5;4;3;2
Lille;Douai-Lens_local_1;SAS RNT Blad;11D;Béthune;62;62119;222,064;ADB;Fresnicourt-le-Dolmen;57 RUE DU BOIS D'OLHAIN;62;62356;27;01;27|01;agréé et en vigueur;002E3627;50N2601;36,02;30;179;2;0,9;0,3;0,9;1,8;1,8;0,9;0,3;0,9;2;0,9;0,3;0,9;1,8;1,8;0,9;0,3;0,9;2;0,9;0,3;0,9;1,8;1,8;0,9;0,3;0,9;2;0,9;0,3;0,9;1,8;1,8;0,9;0,3;0,9
Lille;Lille_étendu_1;SAS Cmux;8A;Lille;59;59350;195,936;TDF;Villeneuve-d'Ascq;FORT DE MONS-EN-BAROEUL, ZA DU FORT, 65…;59;59009;00;10;00|10;agréé et en vigueur;003E0726;50N3833;36,02;143;46;2,6;3,6;4,7;5,5;6,1;6,4;6,5;6,6;6,6;6,4;6,1;5,5;4,6;3,6;2,6;1,6;0,9;0,4;0,1;0;0;0,1;0,3;0,4;0,6;0,6;0,6;0,5;0,3;0,2;0,1;0;0,1;0,4;0,9;1,7
Lille;Calais-Boulogne-sur-Mer_local_1;SCIC SARL La Coopérative de Radiodiffusion;5B;Calais;62;62193;176,64;La Coopérative de Radiodiffusion;Calais;RÉSIDENCE LES PÉLICANS, 3, RUE ANTOINE-…;62;62193;01;02;01|02;agréé et en vigueur;001E5327;50N5702;34,771;63;3;17;16;16;15;10;7,5;6;4;3;2;1;0,6;0,3;0;0;0;0,3;0,6;1;2;3;5;7;10;12;15;18;20;20;20;19;18;18;17;17;17
Lille;Dunkerque_local_1;SCIC SARL La Coopérative de Radiodiffusion;8D;Dunkerque;59;59183;201,072;La Coopérative de Radiodiffusion;Dunkerque;14 RUE ALFRED CAULIER;59;59183;03;03;03|03;agréé et en vigueur;002E2132;51N0159;34,771;55;4;18;17;17;17;17;16;16;15;10;7,5;6;4;3;2;1;0,6;0,3;0;0;0;0,3;0,6;1;2;3;5;7;10;12;15;18;20;20;20;19;18
Lille;Valenciennes_local_1;SCIC SARL La Coopérative de Radiodiffusion;7A;Valenciennes;59;59606;188,928;La Coopérative de Radiodiffusion;Saultain;rue de l’Humanité;59;59383;22;04;22|04;agréé et en vigueur;003E3426;50N2022;39,031;46;70;13;13;13;13;13;13;13;13;13;12;11;9;8;6;5;3;2;1;1;1;0;0;0;0;0;1;1;1;2;3;5;6;8;9;11;12
Lille;Lille_local_2;SAS Opemux RNT;7D;Lille;59;59350;194,064;TDF;Villeneuve-d'Ascq;FORT DE MONS-EN-BAROEUL, ZA DU FORT, 65…;59;59009;06;10;06|10;agréé et en vigueur;003E0726;50N3833;36,02;143;46;2,6;3,6;4,7;5,5;6,1;6,4;6,5;6,6;6,6;6,4;6,1;5,5;4,6;3,6;2,6;1,6;0,9;0,4;0,1;0;0;0,1;0,3;0,4;0,6;0,6;0,6;0,5;0,3;0,2;0,1;0;0,1;0,4;0,9;1,7
Marseille;Marseille_local_2;SARL SDN;8C;Aubagne;13;13005;199,36;ADN;Roquevaire;MONT DU MARSEILLAIS;13;13086;11;01;11|01;agréé et en vigueur;005E3428;43N2131;33,01;22;625;0;0;1;1;2;3;4;4;5;5;5;4;4;3;2;2;1;0;0;0;1;2;3;4;5;5;5;5;5;5;4;4;3;2;1;0
Lyon;Lyon_étendu_1;SAS Cmux;6A;Lyon;69;69123;181,936;Towercast;Saint-Cyr-au-Mont-d'Or;73 ROUTE DU MONT CINDRE;69;69191;17;10;17|10;agréé et en vigueur;004E4915;45N4921;41,139;32;466;7,5;7,8;7,7;7;5,7;4,2;2,9;1,7;0,9;0,3;0,1;0;0,1;0,1;0,4;0,5;0,5;0,5;0,4;0,1;0,1;0;0,1;0,3;0,9;1,7;2,9;4,2;5,7;7;7,7;7,8;7,5;7,2;7,1;7,2
Lyon;Lyon_étendu_1;SAS Cmux;6A;Villefranche-sur-Saône;69;69264;181,936;Towercast;Pommiers;LIEUDIT ND DE BUISANTE POMMIERS;69;69156;17;04;17|04;agréé et en vigueur;004E4213;45N5754;33,222;19;338;0,1;0,1;0,4;0,5;0,5;0,5;0,4;0,1;0,1;0;0,1;0,3;0,9;1,7;2,9;4,2;5,7;7;7,7;7,8;7,5;7,2;7,1;7,2;7,5;7,8;7,7;7;5,7;4,2;2,9;1,7;0,9;0,3;0,1;0
Nancy;Strasbourg_local_2;SAS Opemux RNT;7C;Strasbourg;67;67482;192,352;Creacast;Strasbourg;LIEUDIT PLACE DES HALLES 2 AVENUE D'ALS…;67;67482;09;10;09|10;agréé et en vigueur;007E4428;48N3512;33,979;90;143;2,8;3,5;4,1;4,6;5,1;5,4;5,4;5,4;5,5;5,3;5,1;4,7;4,2;3,5;3;2,3;1,6;1,1;0,8;0,5;0,3;0,2;0,2;0,1;0,2;0,2;0,2;0,1;0,2;0,2;0,3;0,4;0,7;1,1;1,6;2,2
Nancy;Strasbourg_étendu_1;SAS Cmux;6D;Strasbourg;67;67482;187,072;Creacast;Strasbourg;LIEUDIT PLACE DES HALLES 2 AVENUE D'ALS…;67;67482;67;10;67|10;agréé et en vigueur;007E4428;48N3512;36,02;90;143;2,8;3,5;4,1;4,6;5,1;5,4;5,4;5,4;5,5;5,3;5,1;4,7;4,2;3,5;3;2,3;1,6;1,1;0,8;0,5;0,3;0,2;0,2;0,1;0,2;0,2;0,2;0,1;0,2;0,2;0,3;0,4;0,7;1,1;1,6;2,2
Nancy;Strasbourg_étendu_1;SAS Cmux;6D;Colmar;68;68066;187,072;Creacast;Colmar;11 RUE D'AMSTERDAM;68;68066;67;01;67|01;agréé et en vigueur;007E1936;48N0436;30,791;40;205;0,7;0,4;0,3;0,2;0,2;0,1;0,2;0,2;0,2;0,1;0,2;0,2;0,3;0,4;0,7;1,3;1,9;2,8;4;5;6;7;7,3;7,6;7,9;8;7,9;7,6;7,3;7;6;5;4;2,8;1,9;1,3
Nancy;Strasbourg_étendu_1;SAS Cmux;6D;Mulhouse;68;68224;187,072;Creacast;Mulhouse;18 CHEMIN DES CADETS;68;68224;67;02;67|02;agréé et en vigueur;007E2044;47N4404;33,979;15;298;0,8;1,4;2,2;3,3;4,6;6,2;8,1;10,3;12,8;15,6;18,3;20,7;22,2;22,8;23;23;22,9;22,7;22;20,3;17,8;15;12,3;9,9;7,7;5,9;4,3;3,1;2,1;1,3;0,7;0,3;0,1;0;0,1;0,4
Nancy;Colmar_local_1;SARL Milhüser Broadcasting Club Opérateur de Multiplex;11C;Colmar;68;68066;220,352;Autre;Colmar;4 RUE SINT NIKLAAS;68;68066;18;01;18|01;agréé et en vigueur;007E2004;48N0443;30;56;205;3;2;1;0,5;0;0;0;0,3;0,7;1;1;1;1;0,7;0,3;0;0;0;0,5;1;2;3;5;7;10,5;13;12,5;12;12;12;12;12,5;13;10,5;7;5
Nancy;Mulhouse_local_1;SARL Milhüser Broadcasting Club Opérateur de Multiplex;11D;Mulhouse;68;68224;222,064;Autre;Mulhouse;6 RUE DE THANN;68;68224;13;02;13|02;agréé et en vigueur;007E1853;47N4501;36,02;55;242;0,1;0,2;0,3;0,3;0,3;0,2;0,1;0;0;0,1;0,4;0,8;1,5;2,4;3,4;4,5;5,6;6,5;7,1;7,4;7,5;7,5;7,5;7,4;7,1;6,5;5,6;4,5;3,4;2,4;1,5;0,8;0,4;0,1;0;0
Lyon;Bourg-en-Bresse_local_1;SAS Région Mux;6D;Bourg-en-Bresse;01;01053;187,072;Towercast;Ramasse;LIEUDIT LA MONTAGNE;1;01317;16;01;16|01;agréé et en vigueur;005E2018;46N1130;31,76;32;571;1,7;2,9;4,2;5,7;7;7,7;7,8;7,5;7,2;7,1;7,2;7,5;7,8;7,7;7;5,7;4,2;2,9;1,7;0,9;0,3;0,1;0;0,1;0,1;0,4;0,5;0,5;0,5;0,4;0,1;0,1;0;0,1;0,3;0,9
Lyon;Bourgoin-Jallieu_local_1;SAS Région Mux;5C;Bourgoin-Jallieu;38;38053;178,352;;Ruy-Montceau;LIEUDIT LA BUTTE DE MONCEAU, LE DOME;38;38348;28;02;28|02;agréé et en vigueur;005E2157;45N3528;34,771;35;510;7,3;7,6;7,9;8;7,9;7,6;7,3;7;6;5;4;2,8;1,9;1,3;0,7;0,4;0,3;0,2;0,2;0,1;0,2;0,2;0,2;0,1;0,2;0,2;0,3;0,4;0,7;1,3;1,9;2,8;4;5;6;7
Nancy;Strasbourg_local_1;SARL Club Opérateurs RNT Mux Strasbourg 1;6C;Strasbourg;67;67482;185,36;Autre;Strasbourg;INSTITUT LEBEL RUE BLAISE PASCAL;67;67482;05;10;05|10;agréé et en vigueur;007E4557;48N3450;36,02;54;140;5;5,5;5,7;6;6;6;6;6;6;6;6;6;5,7;5,5;5;4;3;2;1,5;1;0;0;0;0;0;0;0;0;0;0;0;1;1,5;2;3;4
Lyon;Lyon_local_2;SAS Opemux RNT;5B;Villefranche-sur-Saône;69;69264;176,64;Towercast;Pommiers;LIEUDIT ND DE BUISANTE POMMIERS;69;69156;25;04;25|04;agréé et en vigueur;004E4213;45N5754;32,552;19;338;0,1;0,1;0,4;0,5;0,5;0,5;0,4;0,1;0,1;0;0,1;0,3;0,9;1,7;2,9;4,2;5,7;7;7,7;7,8;7,5;7,2;7,1;7,2;7,5;7,8;7,7;7;5,7;4,2;2,9;1,7;0,9;0,3;0,1;0
Lyon;Lyon_local_2;SAS Opemux RNT;5B;Lyon;69;69123;176,64;Towercast;Saint-Cyr-au-Mont-d'Or;73 ROUTE DU MONT CINDRE;69;69191;25;10;25|10;agréé et en vigueur;004E4915;45N4921;37,781;32;466;7,5;7,8;7,7;7;5,7;4,2;2,9;1,7;0,9;0,3;0,1;0;0,1;0,1;0,4;0,5;0,5;0,5;0,4;0,1;0,1;0;0,1;0,3;0,9;1,7;2,9;4,2;5,7;7;7,7;7,8;7,5;7,2;7,1;7,2
Rennes;Nantes_local_1;SCIC SARL La Coopérative de Radiodiffusion;7B;Nantes;44;44109;190,64;Towercast;Saint-Herblain;IMMEUBLE DU SILLON DE BRETAGNE, 8 AVENU…;44;44162;17;10;17|10;agréé et en vigueur;001W3630;47N1441;37,781;125;54;7;5,5;4;3;1,5;0,9;0,2;0;0;0;0,2;0,8;0,9;0,9;0,9;0,8;0,2;0;0;0;0,2;0,9;1,5;2,8;4;5,5;7;8;8;8;7;7;7;8;8;8
Rennes;La Roche-sur-Yon_local_1;SCIC SARL La Coopérative de Radiodiffusion;9A;La Roche-sur-Yon;85;85191;202,928;GRAM;La Roche-sur-Yon;GRV ROND-POINT CHARLES SORIN;85;85191;19;02;19|02;agréé et en vigueur;001W2614;46N4121;37,781;47;76;8;8;7;7;7;8;8;8;7;5,5;4;3;1,5;0,9;0,2;0;0;0;0,2;0,8;0,9;0,9;0,9;0,8;0,2;0;0;0;0,2;0,9;1,5;2,8;4;5,5;7;8
Rennes;Saint-Nazaire_local_1;SCIC SARL La Coopérative de Radiodiffusion;8D;Saint-Nazaire;44;44184;201,072;GRAM;Guérande;LIEUDIT VILLEJAMES Z.I. RUE DE LA PRE N…;44;44069;14;01;14|01;agréé et en vigueur;002W2423;47N1931;34,771;63;55;3,5;2,5;2;1;1;1;2;2,5;2,8;2,8;1,5;1;0,3;0;0,3;1;2;3;3;2;1,5;1;1;1;2;2,5;3,5;3,5;2,5;2;1;1;1;2;2,5;3,5
Rennes;Saint-Nazaire_local_1;SCIC SARL La Coopérative de Radiodiffusion;8D;Pornic;44;44131;201,072;GRAM;Pornic;LIEUDIT LES BRANDAIS;44;44131;14;03;14|03;agréé et en vigueur;002W0436;47N1129;34,771;32;55;4;3,5;3;2,2;1,8;1;0,9;0,5;0,3;0,1;0,1;0,1;0,1;0,1;0,1;0,1;0,1;0,1;0,2;0,5;0,9;1;1,5;2;3;3,5;4;4,5;5;5,4;5,4;5,4;5,4;5,4;5;4,8
Rennes;Nantes_étendu_1;SAS Cmux;5D;Saint-Nazaire;44;44184;180,064;GRAM;Guérande;LIEUDIT VILLEJAMES Z.I. RUE DE LA PRE N…;44;44069;08;01;08|01;agréé et en vigueur;002W2423;47N1931;33,01;63;55;4;3,5;3;2,2;1,8;1;0,9;0,5;0,3;0,1;0,1;0,1;0,1;0,1;0,1;0,1;0,1;0,1;0,2;0,5;0,9;1;1,5;2;3;3,5;4;4,5;5;5,4;5,4;5,4;5,4;5,4;5;4,8
Rennes;Nantes_étendu_1;SAS Cmux;5D;Nantes;44;44109;180,064;GRAM;Saint-Herblain;IMMEUBLE DU SILLON DE BRETAGNE, 8 AVENU…;44;44162;08;10;08|10;agréé et en vigueur;001W3630;47N1441;39,542;125;54;7;5,5;4;3;1,5;0,9;0,2;0;0;0;0,2;0,8;0,9;0,9;0,9;0,8;0,2;0;0;0;0,2;0,9;1,5;2,8;4;5,5;7;8;8;8;7;7;7;8;8;8
Rennes;Nantes_local_2;SAS Opemux RNT;12A;Nantes;44;44109;223,936;TDF;Saint-Herblain;1 RUE AMBROISE CROIZAT;44;44162;20;10;20|10;agréé et en vigueur;001W3654;47N1325;36,02;98;55;1,3;0,5;0,1;0;0,2;0,6;1;1,5;1,9;2,1;2,2;2,1;1,9;1,5;1;0,6;0,2;0;0,1;0,5;1,3;2,4;3,9;5,5;7;8;8,4;8,5;8,5;8,5;8,4;7,9;6,9;5,4;3,8;2,4
Caen;Rouen_étendu_1;SAS Cmux;10A;Rouen;76;76540;209,936;Towercast;Canteleu;PLACE BOIELDIEU - IMMEUBLE COMTÉ DE FOI…;76;76157;16;10;16|10;agréé et en vigueur;001E0159;49N2634;40;66;124;7,1;5,7;4,1;2,8;1,5;0,8;0,3;0,1;0;0,1;0,2;0,5;0,7;0,7;0,7;0,5;0,2;0,1;0;0,1;0,3;0,8;1,5;2,8;4,1;5,7;7,1;8,1;8,3;8,1;7,8;7,6;7,8;8,1;8,3;8,1
Caen;Rouen_étendu_1;SAS Cmux;10A;Le Havre;76;76351;209,936;Towercast;Le Havre;CHÂTEAU D'EAU DES HALLATES, RUE SALVADO…;76;76351;16;01;16|01;agréé et en vigueur;000E0823;49N3017;40;49;74;2,9;1,7;0,9;0,3;0,1;0;0,1;0,1;0,4;0,5;0,5;0,5;0,4;0,1;0,1;0;0,1;0,3;0,9;1,7;2,9;4,2;5,7;7;7,7;7,8;7,5;7,2;7,1;7,2;7,5;7,8;7,7;7;5,7;4,2
Caen;Rouen_local_1;SAS Grand Ouest Mux;9C;Rouen;76;76540;206,352;Grand Ouest Mux;Rouen;17-18 RUE RICHARD WAGNER - IMMEUBLE LA …;76;76540;04;10;04|10;agréé et en vigueur;001E0812;49N2650;37,781;63;136;6,1;6,4;6,6;6,6;6,6;6,6;6,6;6,4;6,1;5,5;4,7;3,8;2,8;2;1,3;0,8;0,4;0,2;0,1;0;0;0;0;0;0;0;0,1;0,2;0,4;0,8;1,3;2;2,8;3,8;4,7;5,5
Caen;Rouen_local_2;SAS Grand Ouest Mux;10C;Rouen;76;76540;213,36;Grand Ouest Mux;Rouen;17-18 RUE RICHARD WAGNER - IMMEUBLE LA …;76;76540;23;10;23|10;agréé et en vigueur;001E0812;49N2650;37,781;63;136;6,1;6,4;6,6;6,6;6,6;6,6;6,6;6,4;6,1;5,5;4,7;3,8;2,8;2;1,3;0,8;0,4;0,2;0,1;0;0;0;0;0;0;0;0,1;0,2;0,4;0,8;1,3;2;2,8;3,8;4,7;5,5
Caen;Le Havre_local_1;SAS Grand Ouest Mux;10D;Le Havre;76;76351;215,072;Grand Ouest Mux;Le Havre;75 RUE ALBERT COPIEUX;76;76351;29;01;29|01;agréé et en vigueur;000E0522;49N3026;36,02;30;93;10,8;9,3;7,6;6;4,5;3,3;2,2;1,1;0,8;0,4;0,2;0,1;0;0,1;0,2;0,4;0,8;1,4;2,2;3,3;4,5;6;7,6;9,3;10,8;12,1;13,3;14,2;14,7;15;15,1;15;14,7;14,2;13,3;12,1
Paris;Paris_intermédiaire_2;SAS Radiomux;6D;Paris;75;75056;187,072;TDF;Les Lilas;FORT DE ROMAINVILLE;93;93045;13;10;13|10;agréé et en vigueur;002E2520;48N5307;39,03;144;129;2,5;3,5;4,5;5,4;6;6,4;6,6;6,6;6,6;6,5;6,4;6;5,4;4,6;3,6;2,6;1,7;1;0,4;0,1;0;0;0,1;0,2;0,2;0,2;0,2;0,2;0,1;0;0;0,1;0,4;0,7;1,3;2,1
Dijon;Mâcon_local_1;SAS Région Mux;8A;Mâcon;71;71270;195,936;Towercast;La Roche-Vineuse;Le Gros Mont;71;71371;14;01;14|01;non agréé (cause : coordination internationale) et en diffusion;004E4700;46N2106;32,55;32;390;8;7;6;4;3;2;1;0;0;0;0;0;0;1;1;1;0;0;0;0;0;0;1;2;3;4;6;7;8;8;8;7;7;7;8;8
Bordeaux;Bordeaux_étendu_1;SAS Opemux RNT;8C;Bordeaux;33;33063;199,36;TDF;Bouliac;avenue du Domaine-de-Vialle;33;33065;13;10;13|10;agréé et en vigueur;000W3020;44N4913;37,781;163;66;2;2;2;2;3;4;8;15;15;13;12;12;15;12;6;4;3;2;2;2;2;3;2;0;0;2;3;3;3;3;3;2;0;0;2;3
Bordeaux;Bordeaux_étendu_1;SAS Opemux RNT;8C;Marmande;47;47157;199,36;;Guérin;lieudit Renard;47;47115;13;01;13|01;agrément retiré;000E0412;44N2558;36;37;139;0;0;1;1;2;3;3;3;2;1;0;0;0;0;1;1;2;3;3;3;2;1;0;0;0;0;1;1;2;3;3;3;2;1;0;0
Bordeaux;Bordeaux_local_1;SCIC SARL La Coopérative de Radiodiffusion;7A;Bordeaux;33;33063;188,928;TDF;Lormont;16, rue Henri-Dunant;33;33249;30;10;30|10;agréé - ne démarrera pas le 5/11;000W3055;44N5219;40;78;47;12;13;13;13;13;13;13;13;13;13;12;11;9;8;6;5;3;2;1;1;1;0;0;0;0;0;1;1;1;2;3;5;6;8;9;11
Bordeaux;Bordeaux_local_1;SCIC SARL La Coopérative de Radiodiffusion;7A;Bordeaux;33;33063;188,928;La Coopérative de Radiodiffusion;Bordeaux;71 cours Edouard Vaillant;33;33063;30;10;30|10;secours -démarrera le 5/11;000W3331;44N5141;33;35;5;11,6;12,5;13,1;13,3;13,4;13,4;13,4;13,3;13,1;12,5;11,6;10,6;9,2;7,7;6;4,6;3,3;2,2;1,4;0,8;0,5;0,2;0;0;0;0,2;0,5;0,8;1,4;2,2;3,3;4,6;6;7,7;9,2;10,6
Bordeaux;Bordeaux_local_2;SAS Opemux RNT;8B;Bordeaux;33;33063;197,648;TDF;Bouliac;avenue du Domaine-de-Vialle;33;33065;31;10;31|10;agréé et en vigueur;000W3020;44N4913;36;163;66;3;3;3;3;3;4;7;11;14;13;13;13;15;13;7;4;3;3;2;2;3;2;1;0;1;2;4;4;4;4;3;2;1;0;2;3
Bordeaux;Arcachon_local_1;SAS Cmux;11C;Arcachon;33;33009;220,352;TDF;La Teste-de-Buch;lieudit Camicas, Centre Radio Maritime;33;33529;25;01;25|01;agréé et en vigueur;001W0949;44N3849;36;91;42;1;0;0;0;0;0;0;1;1;1;1;1;0;0;0;0;0;1;1;2;2;3;4;4;5;5;5;5;5;5;5;4;4;3;2;2
Toulouse;Toulouse_étendu_1;SAS Opemux RNT;6B;Toulouse;31;31555;183,648;Towercast;Toulouse;chemin Pech-David;31;31555;18;10;18|10;agréé et en vigueur;001E2647;43N3332;40;27;253;1;1;1;0;0;0;0;0;1;2;3;4;6;7;8;8;8;8;8;8;8;8;8;7;6;4;3;2;1;0;0;0;0;0;1;1
Toulouse;Toulouse_étendu_1;SAS Opemux RNT;6B;Montauban;82;82121;183,648;Towercast;Montauban;impasse de la Dame;82;82121;03;01;03|01;agréé et en vigueur;001E2133;43N5915;37;34;140;0;0;0;0;1;2;3;4;6;7;8;9;8;8;8;8;8;8;8;7;6;4;3;2;1;0;0;0;0;0;1;1;1;0;0;0
Toulouse;Toulouse_local_1;SAS Coméquip;7C;Toulouse;31;31555;192,352;Coméquip;Toulouse;60, rue d'Assalit;31;31555;30;10;30|10;agréé et en vigueur;001E2802;43N3621;37,781;20;198;10;11;12;13;13;14;14;14;13;13;12;11;10;9;8;6;5;4;3;2;1;0;0;0;0;0;0;0;1;2;3;4;5;6;8;9
Toulouse;Toulouse_local_2;SAS Opemux RNT;8C;Toulouse;31;31555;199,36;Towercast;Toulouse;chemin Pech-David;31;31555;31;10;31|10;agréé et en vigueur;001E2647;43N3332;37;27;253;1;1;1;0;0;0;0;0;1;2;3;4;6;7;8;8;8;8;8;8;8;8;8;7;6;4;3;2;1;0;0;0;0;0;1;1
Lyon;métropole_métropolitain_1;SAS Société opératrice du multiplex M1;7A;Roussillon;38;38344;188,928;Towercast;Félines;L'Olme;7;;67;08;67|08;agréé et en vigueur;004E4446;45N1856;34,15;15;356;2;1;0;0;0;0;0;1;1;1;1;1;0;0;0;0;0;1;2;3;4;6;7;8;8;8;8;8;8;8;8;8;7;6;4;3
Lyon;métropole_métropolitain_1;SAS Société opératrice du multiplex M1;7A;Valence;26;26362;188,928;Towercast;Saint-Romain-de-Lerps;Chemin rural de la Chavas;7;;67;06;67|06;agréé et en vigueur;004E4803;44N5751;40;25;630;3;2;1;0;0;0;0;0;1;1;1;1;1;0;0;0;0;0;1;2;3;4;6;7;8;8;8;8;8;8;8;8;8;7;6;4
Marseille;métropole_métropolitain_1;SAS Société opératrice du multiplex M1;7C;Roquevaire;13;13086;192,352;Towercast;Roquevaire;Mont du Marseillais;13;;27;01;27|01;agréé et en vigueur;005E3428;43N2131;34,15;27;625;8;7;6;4;3;2;1;0;0;0;0;0;1;1;1;1;1;0;0;0;0;0;1;2;3;4;6;7;8;8;8;8;8;8;8;8
Dijon;métropole_métropolitain_1;SAS Société opératrice du multiplex M1;9D;Arnay-le-Duc;21;21023;208,064;Towercast;Painblanc;Forêt Tarbet;21;;06;04;06|04;agréé et en vigueur;004E3942;47N0844;34,15;52;550;3;4;6;7;8;8;8;8;8;8;8;8;8;7;6;4;3;2;1;0;0;0;0;0;1;1;1;1;1;0;0;0;0;0;1;2
Dijon;métropole_métropolitain_1;SAS Société opératrice du multiplex M1;9D;Beaune;21;21054;208,064;TDF;Beaune;Les Mondes Rondes;21;;06;01;06|01;agréé et en vigueur;004E4850;47N0205;36,021;42;352;3;2;1;1;0;0;0;0;0;1;1;1;1;1;1;0;0;0;0;0;0;1;1;2;3;4;4;5;5;5;5;5;5;4;4;3
Dijon;métropole_métropolitain_1;SAS Société opératrice du multiplex M1;9D;Dijon;21;21231;208,064;Towercast;Chenôve;le Plain de la Montagne;21;;06;10;06|10;agréé et en vigueur;004E5926;47N1801;36,99;29;375;0;0;0;0;1;1;1;1;1;0;0;0;0;0;1;2;3;4;6;7;8;8;8;8;8;8;8;8;8;7;6;4;3;2;1;0
Dijon;métropole_métropolitain_1;SAS Société opératrice du multiplex M1;9D;Époisses;21;21247;208,064;Towercast;Époisses;Aire de repos d’Époisses;21;;06;05;06|05;agréé et en vigueur;004E0927;47N2906;32,304;32;282;13;11;8;6;5;3;2;2;1;1;0;0;0;0;0;1;1;2;2;3;5;6;8;11;13;16;19;20;21;22;22;22;21;20;18;16
Dijon;métropole_métropolitain_1;SAS Société opératrice du multiplex M1;9D;Fleurey-sur-Ouche;21;21273;208,064;Towercast;Ancey;lieudit Roche Aigüe;21;;06;06;06|06;agréé et en vigueur;004E4839;47N2006;34,15;21;602;8;8;8;7;6;4;3;2;1;0;0;0;0;0;1;1;1;1;1;0;0;0;0;0;1;2;3;4;6;7;8;8;8;8;8;8
Dijon;métropole_métropolitain_1;SAS Société opératrice du multiplex M1;9D;Thorey-sous-Charny;21;21633;208,064;Towercast;Thorey-sous-Charny;Entrée de service PK 251;21;;06;07;06|07;agréé et en vigueur;004E2732;47N2049;32,304;45;350;0;0;0;1;2;3;4;6;7;8;8;8;8;8;8;8;8;8;7;6;4;3;2;1;0;0;0;0;0;1;1;1;1;1;0;0
Lyon;métropole_métropolitain_1;SAS Société opératrice du multiplex M1;10B;Montélimar;26;26198;211,648;TDF;Savasse;Montagne de Savasse;26;;04;07;04|07;agréé et en vigueur;004E4645;44N3647;35,563;26;387;0;0;2;3;4;7;16;15;12;13;17;14;6;5;3;2;0;0;0;1;3;5;7;10;19;19;13;14;25;16;9;8;5;3;1;0
Toulouse;métropole_métropolitain_1;SAS Société opératrice du multiplex M1;10B;Vénéjan;30;30342;211,648;TDF;Vénéjan;Lombren et Darboussier - Station DVRN;30;;04;02;04|02;agréé et en vigueur;004E3944;44N1053;36,021;47;278;7;5;4;3;2;1;1;1;1;0;0;1;1;1;1;1;2;3;5;8;12;15;17;16;16;19;30;22;21;20;18;18;17;15;13;10
Poitiers;métropole_métropolitain_1;SAS Société opératrice du multiplex M1;6C;Saint-Hilaire-les-Andrésis;45;45281;185,36;TDF;Saint-Hilaire-les-Andrésis;lieudit Les Laurents;45;;14;04;14|04;agréé et en vigueur;003E0010;48N0200;31,761;78;164;2;1;0;0;0;0;0;1;1;1;1;1;1;1;0;0;0;0;0;1;2;3;4;6;7;8;9;9;9;9;9;8;7;6;4;3
Lyon;métropole_métropolitain_1;SAS Société opératrice du multiplex M1;7A;Lyon;69;69123;188,928;Towercast;Saint-Cyr-au-Mont-d'Or;73 route du Mont Cindre;69;;19;10;19|10;agréé et en vigueur;004E4915;45N4921;41,139;34;463;8;8;8;7;6;4;3;2;1;0;0;0;0;0;1;1;1;1;1;0;0;0;0;0;1;2;3;4;6;7;8;8;8;8;8;8
Lyon;métropole_métropolitain_1;SAS Société opératrice du multiplex M1;7A;Vienne;38;38544;188,928;Towercast;Saint-Romain-en-Gal;Lieudit Pierre Plate;69;;67;05;67|05;agréé et en vigueur;004E4831;45N3157;35,315;45;473;2;1;0;0;0;0;0;1;1;1;1;1;0;0;0;0;0;1;2;3;4;6;7;8;8;8;8;8;8;8;8;8;7;6;4;3
Dijon;métropole_métropolitain_1;SAS Société opératrice du multiplex M1;9D;Chalon-sur-Saône;71;71076;208,064;Towercast;Bissey-sous-Cruchaud;Le Temple;71;;06;02;06|02;agréé et en vigueur;004E3954;46N4411;38,13;27;469;0;0;0;0;0;1;1;1;1;1;0;0;0;0;0;1;2;3;4;6;7;8;8;8;8;8;8;8;8;8;7;6;4;3;2;1
Lyon;métropole_métropolitain_1;SAS Société opératrice du multiplex M1;7A;Mâcon;71;71270;188,928;TDF;Cenves;Bois de Cenves;69;;19;03;19|03;agréé et en vigueur;004E4050;46N1654;40;76;728;4;2;1;0;0;1;2;2;3;4;5;5;5;4;3;2;1;0;0;1;2;4;6;9;12;17;21;18;16;17;21;23;17;13;9;7
Paris;métropole_métropolitain_1;SAS Société opératrice du multiplex M1;6C;Paris;75;75056;185,36;Towercast;Paris 17e arrondissement;Hôtel Hyatt Regency Paris Étoile, 3 place du Général-Koenig;75;;11;01;11|01;agréé et en vigueur;002E1702;48N5248;40;167;37;6;4;3;2;1;0;0;0;0;0;1;1;1;1;1;0;0;0;0;0;1;2;3;4;6;7;8;8;8;8;8;8;8;8;8;7
Paris;métropole_métropolitain_1;SAS Société opératrice du multiplex M1;6C;Paris, Bagnolet;75;75056;185,36;Towercast;Bagnolet;Tour Mercuriales Ouest;93;;11;10;11|10;agréé et en vigueur;002E2455;48N5203;41,461;139;82;4;6;7;8;8;8;8;8;8;8;8;8;7;6;4;3;2;1;0;0;0;0;0;1;1;1;1;1;0;0;0;0;0;1;2;3
Paris;métropole_métropolitain_1;SAS Société opératrice du multiplex M1;6C;Égreville;77;77168;185,36;TDF;Égreville;La Marcelle du Bois Liard;77;;14;03;14|03;agréé et en vigueur;002E5253;48N0953;32,553;38;121;5;3;2;1;0;0;0;0;0;1;1;1;1;1;1;1;1;0;0;0;0;1;1;2;3;5;7;8;9;9;9;9;9;9;8;6
Paris;métropole_métropolitain_1;SAS Société opératrice du multiplex M1;6C;Fontainebleau;77;77186;185,36;TDF;Fontainebleau;lieudit la Croix d'Augas;77;;14;10;14|10;agréé et en vigueur;002E4239;48N2536;37,482;46;156;2;1;1;0;0;0;0;0;1;1;1;1;1;0;0;0;0;0;1;1;2;4;5;7;9;10;10;10;9;10;10;10;9;7;6;4
Paris;métropole_métropolitain_1;SAS Société opératrice du multiplex M1;7D;Grez-sur-Loing;77;77216;194,064;Towercast;Grez-sur-Loing;A6 District de Nemours les Vouzelles;77;;67;02;67|02;agréé et en vigueur;002E4055;48N1728;32,304;28;59;6;7;8;8;8;8;8;8;8;8;8;7;6;4;3;2;1;0;0;0;0;0;1;1;1;1;1;0;0;0;0;0;1;2;3;4
Marseille;métropole_métropolitain_1;SAS Société opératrice du multiplex M1;10B;Avignon;84;84007;211,648;TDF;Le Pontet;Centre DOTRN;84;;04;05;04|05;agréé et en vigueur;004E5135;43N5812;36,021;88;21;2;5;2;1;2;4;8;6;5;9;4;3;5;4;3;5;3;1;1;2;1;1;1;1;2;1;1;1;2;4;6;4;2;4;9;0
Dijon;métropole_métropolitain_1;SAS Société opératrice du multiplex M1;9D;Avallon;89;89025;208,064;Towercast;Annay-la-Côte;Les Petits Chaumes;89;;06;08;06|08;agréé et en vigueur;003E5338;47N3222;36,99;20;324;8;8;8;8;8;7;6;4;3;2;1;0;0;0;0;0;1;1;1;1;1;0;0;0;0;0;1;2;3;4;6;7;8;8;8;8
Dijon;métropole_métropolitain_1;SAS Société opératrice du multiplex M1;9D;Bleigny-le-Carreau;89;89045;208,064;TDF;Bleigny-le-Carreau;Thureau Saint-Denis;89;;10;10;10|10;agréé et en vigueur;003E3959;47N5026;38,451;101;291;4;5;5;5;5;5;5;4;4;3;3;2;1;1;0;0;0;0;0;1;1;1;1;1;1;0;0;0;0;0;0;1;1;2;3;4
Paris;métropole_métropolitain_1;SAS Société opératrice du multiplex M1;6C;Corbeil-Essonnes;91;91174;185,36;TDF;Lisses;Tour DTRN;91;;14;01;14|01;agréé et en vigueur;002E2634;48N3600;34,771;86;85;4;3;2;1;0;0;0;0;0;1;1;1;1;1;1;1;0;0;0;0;0;1;2;3;4;6;7;8;9;9;9;9;9;8;7;6
Paris;métropole_métropolitain_1;SAS Société opératrice du multiplex M1;6C;Milly-la-Forêt;91;91405;185,36;TDF;Videlles;Tour DTRN;91;;14;02;14|02;agréé et en vigueur;002E2527;48N2842;37,782;93;147;10;9;8;6;5;3;2;1;0;0;0;0;0;1;1;1;1;1;1;0;0;0;0;0;1;2;3;5;6;8;9;10;10;9;9;10
Lyon;métropole_métropolitain_2;SAS OpeNMux;7B;Roussillon;38;38344;190,64;Towercast;Félines;L'Olme;7;;08;08;08|08;agréé et en vigueur;004E4446;45N1856;34,15;15;356;2;1;0;0;0;0;0;1;1;1;1;1;0;0;0;0;0;1;2;3;4;6;7;8;8;8;8;8;8;8;8;8;7;6;4;3
Lyon;métropole_métropolitain_2;SAS OpeNMux;7B;Valence;26;26362;190,64;Towercast;Saint-Romain-de-Lerps;Chemin rural de la Chavas;7;;08;06;08|06;agréé et en vigueur;004E4803;44N5751;36,99;25;630;3;2;1;0;0;0;0;0;1;1;1;1;1;0;0;0;0;0;1;2;3;4;6;7;8;8;8;8;8;8;8;8;8;7;6;4
Marseille;métropole_métropolitain_2;SAS OpeNMux;8B;Salon-de-Provence;13;13103;197,648;Towercast;Grans;RD 70A Basses Plaines;13;;28;07;28|07;agréé et en vigueur;005E0546;43N3755;32,79;23;83;0;0;0;1;1;1;1;1;0;0;0;0;0;1;2;3;4;6;7;8;8;8;8;8;8;8;8;8;7;6;4;3;2;1;0;0
Marseille;métropole_métropolitain_2;SAS OpeNMux;8B;Velaux;13;13112;197,648;TDF;Velaux;Lieudit Baou Bacoua;13;;28;08;28|08;agréé et en vigueur;005E1418;43N3225;33,01;14;;20;22;26;22;20;21;23;21;20;20;21;17;12;8;5;3;1;0;0;0;1;3;5;8;12;16;19;18;18;22;24;19;18;21;26;22
Dijon;métropole_métropolitain_2;SAS OpeNMux;9C;Arnay-le-Duc;21;21023;206,352;Towercast;Painblanc;Forêt Tarbet;21;;00;10;00|10;agréé et en vigueur;004E3942;47N0844;34,15;52;550;3;4;6;7;8;8;8;8;8;8;8;8;8;7;6;4;3;2;1;0;0;0;0;0;1;1;1;1;1;0;0;0;0;0;1;2
Dijon;métropole_métropolitain_2;SAS OpeNMux;9C;Beaune;21;21054;206,352;TDF;Beaune;Les Mondes Rondes;21;;13;10;13|10;agréé et en vigueur;004E4850;47N0205;36,021;42;352;3;2;1;1;0;0;0;0;0;1;1;1;1;1;1;0;0;0;0;0;0;1;1;2;3;4;4;5;5;5;5;5;5;4;4;3
Dijon;métropole_métropolitain_2;SAS OpeNMux;9C;Époisses;21;21247;206,352;Towercast;Époisses;Aire de repos d’Époisses;21;;00;01;00|01;agréé et en vigueur;004E0927;47N2906;32,304;32;282;13;11;8;6;5;3;2;2;1;1;0;0;0;0;0;1;1;2;2;3;5;6;8;11;13;16;19;20;21;22;22;22;21;20;18;16
Dijon;métropole_métropolitain_2;SAS OpeNMux;9C;Thorey-sous-Charny;21;21633;206,352;Towercast;Thorey-sous-Charny;Entrée de service PK 251;21;;00;02;00|02;agréé et en vigueur;004E2732;47N2049;32,304;45;350;0;0;0;1;2;3;4;6;7;8;8;8;8;8;8;8;8;8;7;6;4;3;2;1;0;0;0;0;0;1;1;1;1;1;0;0
Lyon;métropole_métropolitain_2;SAS OpeNMux;10C;Montélimar;26;26198;213,36;TDF;Savasse;Montagne de Savasse;26;;06;07;06|07;agréé et en vigueur;004E4645;44N3647;36,021;26;387;0;0;2;3;4;7;16;15;12;13;17;14;6;5;3;2;0;0;0;1;3;5;7;10;19;19;13;14;25;16;9;8;5;3;1;0
Toulouse;métropole_métropolitain_2;SAS OpeNMux;10C;Vénéjan;30;30342;213,36;TDF;Vénéjan;Lombren et Darboussier - Station DVRN;30;;06;02;06|02;agréé et en vigueur;004E3944;44N1053;36,021;47;278;7;5;4;3;2;1;1;1;1;0;0;1;1;1;1;1;2;3;5;8;12;15;17;16;16;19;30;22;21;20;18;18;17;15;13;10
Poitiers;métropole_métropolitain_2;SAS OpeNMux;8C;Saint-Hilaire-les-Andrésis;45;45281;199,36;TDF;Saint-Hilaire-les-Andrésis;Lieudit Les Laurents;45;;05;04;05|04;agréé et en vigueur;003E0010;48N0200;36,021;78;164;2;1;0;0;0;0;0;1;1;1;1;1;1;1;0;0;0;0;0;1;2;3;4;6;7;8;9;9;9;9;9;8;7;6;4;3
Lyon;métropole_métropolitain_2;SAS OpeNMux;7B;Lyon;69;69123;190,64;Towercast;Saint-Cyr-au-Mont-d'Or;73 route du Mont Cindre;69;;20;10;20|10;agréé et en vigueur;004E4915;45N4921;40;34;463;8;8;8;7;6;4;3;2;1;0;0;0;0;0;1;1;1;1;1;0;0;0;0;0;1;2;3;4;6;7;8;8;8;8;8;8
Lyon;métropole_métropolitain_2;SAS OpeNMux;7B;Vienne;38;38544;190,64;Towercast;Saint-Romain-en-Gal;Lieudit Pierre Plate;69;;08;05;08|05;agréé et en vigueur;004E4831;45N3157;40;45;473;2;1;0;0;0;0;0;1;1;1;1;1;0;0;0;0;0;1;2;3;4;6;7;8;8;8;8;8;8;8;8;8;7;6;4;3
Lyon;métropole_métropolitain_2;SAS OpeNMux;7B;Villefranche-sur-Saône;69;69264;190,64;Towercast;Pommiers;Notre-Dame de Buisante;69;69156;20;04;20|04;agréé et en vigueur;004E4213;45N5754;40;19;338;0;0;1;1;1;1;1;0;0;0;0;0;1;2;3;4;6;7;8;8;8;8;8;8;8;8;8;7;6;4;3;2;1;0;0;0
Dijon;métropole_métropolitain_2;SAS OpeNMux;9C;Chalon-sur-Saône;71;71076;206,352;Towercast;Bissey-sous-Cruchaud;Le Temple;71;;13;02;13|02;agréé et en vigueur;004E3954;46N4411;38,13;27;469;0;0;0;0;0;1;1;1;1;1;0;0;0;0;0;1;2;3;4;6;7;8;8;8;8;8;8;8;8;8;7;6;4;3;2;1
Dijon;métropole_métropolitain_2;SAS OpeNMux;8C;Mâcon;71;71270;199,36;Towercast;La Roche-Vineuse;Lieudit le Gros Mont;71;;01;01;01|01;agréé et en vigueur;004E4700;46N2106;36,99;32;390;8;7;6;4;3;2;1;0;0;0;0;0;1;1;1;1;1;0;0;0;0;0;1;2;3;4;6;7;8;8;8;8;8;8;8;8
Dijon;métropole_métropolitain_2;SAS OpeNMux;9C;Tournus;71;71543;206,352;TDF;Tournus;L'Ormeteau;71;;13;01;13|01;agréé et en vigueur;004E5235;46N3356;36,99;29;310;1;0;0;0;0;0;1;1;1;1;1;1;0;0;0;0;0;0;1;1;2;3;4;4;5;5;5;5;5;5;4;4;3;3;2;1
Paris;métropole_métropolitain_2;SAS OpeNMux;8C;Paris;75;75056;199,36;Towercast;Paris 17e arrondissement;Hôtel Hyatt Regency Paris Étoile, 3 place du Général-Kœnig;75;;05;01;05|01;agréé et en vigueur;002E1702;48N5248;40;167;37;6;4;3;2;1;0;0;0;0;0;1;1;1;1;1;0;0;0;0;0;1;2;3;4;6;7;8;8;8;8;8;8;8;8;8;7
Paris;métropole_métropolitain_2;SAS OpeNMux;8C;Paris, Bagnolet;75;75056;199,36;Towercast;Bagnolet;Tour Mercuriales Ouest;93;;05;10;05|10;agréé et en vigueur;002E2455;48N5203;41,461;139;82;4;6;7;8;8;8;8;8;8;8;8;8;7;6;4;3;2;1;0;0;0;0;0;1;1;1;1;1;0;0;0;0;0;1;2;3
Paris;métropole_métropolitain_2;SAS OpeNMux;8C;Égreville;77;77168;199,36;Towercast;Égreville;La Marcelle du Bois Liard;77;;05;05;05|05;agréé et en vigueur;002E5253;48N0953;41,461;38;121;5;3;2;1;0;0;0;0;0;1;1;1;1;1;1;1;1;0;0;0;0;1;1;2;3;5;7;8;9;9;9;9;9;9;8;6
Paris;métropole_métropolitain_2;SAS OpeNMux;8C;Fleury-en-Bière;77;77185;199,36;Towercast;Fleury-en-Bière;PR 50, péage de Fleury-en-Bière;77;;05;06;05|06;agréé et en vigueur;002E3225;48N2543;32,304;36;68;1;0;0;0;0;0;1;2;3;4;6;7;8;8;8;8;8;8;8;8;8;7;6;4;3;2;1;0;0;0;0;0;1;1;1;1
Paris;métropole_métropolitain_2;SAS OpeNMux;8C;Grez-sur-Loing;77;77216;199,36;Towercast;Grez-sur-Loing;A6 District de Nemours les Vouzelles;77;;05;07;05|07;agréé et en vigueur;002E4055;48N1728;32,304;28;59;6;7;8;8;8;8;8;8;8;8;8;7;6;4;3;2;1;0;0;0;0;0;1;1;1;1;1;0;0;0;0;0;1;2;3;4
Marseille;métropole_métropolitain_2;SAS OpeNMux;10C;Avignon;84;84007;213,36;TDF;Le Pontet;Centre DOTRN;84;;06;05;06|05;agréé et en vigueur;004E5135;43N5812;36,232;88;21;0;4;3;3;3;5;7;5;7;9;3;3;5;4;3;5;4;1;0;1;1;1;0;1;1;1;1;1;2;5;5;4;2;3;12;2
Marseille;métropole_métropolitain_2;SAS OpeNMux;10C;Cheval-Blanc;84;84038;213,36;TDF;Cheval-Blanc;Les Iscles;84;;06;06;06|06;agréé et en vigueur;005E0249;43N4813;36,232;39;70;1;1;2;3;5;6;6;6;6;6;6;6;6;5;4;3;2;2;1;0;0;0;0;0;1;1;1;1;1;1;1;1;0;0;0;0
Dijon;métropole_métropolitain_2;SAS OpeNMux;9C;Avallon;89;89005;206,352;Towercast;Annay-la-Côte;Les Petits Chaumes;89;;00;03;00|03;agréé et en vigueur;003E5338;47N3222;34,15;20;324;8;8;8;8;8;7;6;4;3;2;1;0;0;0;0;0;1;1;1;1;1;0;0;0;0;0;1;2;3;4;6;7;8;8;8;8
Dijon;métropole_métropolitain_2;SAS OpeNMux;9C;Bleigny-le-Carreau;89;89045;206,352;TDF;Bleigny-le-Carreau;Thureau Saint-Denis;89;;00;04;00|04;agréé et en vigueur;003E3959;47N5026;38,451;101;291;4;5;5;5;5;5;5;4;4;3;3;2;1;1;0;0;0;0;0;1;1;1;1;1;1;0;0;0;0;0;0;1;1;2;3;4
Paris;métropole_métropolitain_2;SAS OpeNMux;8C;Corbeil-Essonnes;91;91174;199,36;Towercast;Évry-Courcouronnes;Tour Évry 2, Terrasse de l'Agora;91;;05;03;05|03;agréé et en vigueur;002E2541;48N3743;38,451;52;82;0;1;1;1;1;1;0;0;0;0;0;1;2;3;4;6;7;8;8;8;8;8;8;8;8;8;7;6;4;3;2;1;0;0;0;0
Dijon;Dijon_étendu_1;SAS Compagnie des multiplex DAB;9B;Dijon;21;21231;204,64;Towercast;Chenôve;le Plain de la Montagne;21;;04;10;04|10;agréé et en vigueur;004E5926;47N1801;38,751;29;375;0;0;0;0;1;1;1;1;1;0;0;0;0;0;1;2;3;4;6;7;8;8;8;8;8;8;8;8;8;7;6;4;3;2;1;0
Dijon;Dijon_étendu_1;SAS Compagnie des multiplex DAB;9B;Chalon-sur-Saône;71;71076;204,64;Towercast;Bissey-sous-Cruchaud;Le Temple;71;;04;02;04|02;agréé et en vigueur;004E3954;46N4411;38,129;27;469;0;0;0;0;0;1;1;1;1;1;0;0;0;0;0;1;2;3;4;6;7;8;8;8;8;8;8;8;8;8;7;6;4;3;2;1
Marseille;Avignon_étendu_1;SAS Compagnie des multiplex DAB;9D;Avignon;84;84007;208,064;TDF;Le Pontet;Centre DOTRN;84;;25;05;25|05;agréé et en vigueur;004E5135;43N5812;38,865;88;21;1;5;3;2;2;5;8;5;4;9;4;3;5;4;3;4;3;0;0;2;2;1;1;1;2;1;1;1;2;4;6;4;2;4;9;1
Toulouse;Avignon_étendu_1;SAS Compagnie des multiplex DAB;9D;Vénéjan;30;30342;208,064;TDF;Vénéjan;Lombren et Darboussier - Station DVRN;30;;25;02;25|02;agréé et en vigueur;004E3944;44N1053;37,782;47;278;7;5;4;3;2;2;2;1;1;0;0;1;2;2;1;2;2;3;5;7;11;15;17;17;18;22;30;23;24;22;18;17;17;15;12;9
Paris;Paris_étendu_1;SAS Compagnie des multiplex DAB;11B;Paris;75;75056;218,64;Towercast;Paris 17e arrondissement;hôtel Hyatt Regency Paris Étoile;75;;07;01;07|01;agréé et en vigueur;002E1702;48N5248;40;167;37;4;3;2;1;0;0;0;0;0;1;1;1;1;1;1;1;0;0;0;0;0;1;2;3;4;6;7;8;9;9;9;9;9;8;7;6
Paris;Paris_étendu_1;SAS Compagnie des multiplex DAB;11B;Paris, Bagnolet;75;75056;218,64;Towercast;Bagnolet;Tour Mercuriales Ouest;93;;07;10;07|10;agréé et en vigueur;002E2455;48N5203;41,461;139;82;3;4;6;7;8;9;9;9;9;9;8;7;6;4;3;2;1;0;0;0;0;0;1;1;1;1;1;1;1;0;0;0;0;0;1;2
Marseille;Avignon_local_1;SAS Région Mux;5C;Avignon;84;84007;178,352;TDF;Le Pontet;Centre DOTRN;84;;36;05;36|05;agréé et en vigueur;004E5135;43N5812;36,628;88;21;1;1;4;5;6;5;4;4;12;9;3;4;6;5;4;4;2;1;0;1;2;2;2;2;1;1;1;0;1;5;7;5;2;2;11;6
Dijon;Dijon_local_1;SAS Région Mux;11B;Dijon;21;21231;218,64;PHF COM;Dijon;Fort de la Motte-Giron;21;;67;10;67|10;agréé et en vigueur;004E5912;47N1854;38,865;27;391;5;3;2;1;1;0;0;0;0;0;0;0;1;1;2;3;5;6;8;9;11;11;12;13;13;13;13;13;13;13;12;11;11;9;8;6
Lille;Lille_étendu_1;SAS Cmux;8A;Arras, Béthune, Douai et Lens;62;62041;195,936;TDF;Bouvigny-Boyeffles;Lieudit le Mont;62;62170;00;01;00|01;agréé et en vigueur;002E3934;50N2507;40,21;74;192;0;0;-0,2;-0,4;-0,6;-0,8;-1;-1;-1;-0,9;-0,7;-0,4;-0,2;-0,1;-0,1;-0,3;-0,9;-1,7;-2,9;-4,4;-6,1;-7,6;-8,7;-9,2;-9,3;-9,3;-9,3;-9,2;-8,6;-7,5;-5,9;-4,3;-2,8;-1,6;-0,8;-0,3
Lyon;Lyon_local_1;Lyon local 1;11B;Lyon;69;69123;218,64;Autre;Rillieux-la-Pape;9 rue de Francfort;69;69286;24;10;24|10;agréé et en vigueur;004E5424;45N4905;38,45;56;298;-6,7;-6,7;-6,7;-6,7;-6,7;-6,5;-6;-5,4;-4,5;-3,6;-2,7;-1,8;-1,2;-0,7;-0,3;-0,1;0;0;0;0;0;0;0;0;0;-0,1;-0,3;-0,7;-1,2;-1,8;-2,7;-3,6;-4,5;-5,4;-6;-6,5
Marseille;Marseille_étendu_1;SAS Compagnie des multiplex DAB;5B;Marseille;13;13055;176,64;TDF;Simiane-Collongue;Grande Étoile;13;13107;32;10;32|10;agréé et en vigueur;005E2532;43N2302;40;106;585;-1,9;-0,1;-0,8;-3,3;-3,4;-1,8;-1,5;-2,9;-4,2;-1,9;-0,1;-0,8;-3,3;-3,4;-1,8;-1,5;-2,9;-4,2;-1,9;-0,1;-0,8;-3,3;-3,4;-1,8;-1,5;-2,9;-4,2;-1,9;-0,1;-0,8;-3,3;-3,4;-1,8;-1,5;-2,9;-4,2
Marseille;Marseille_étendu_1;SAS Compagnie des multiplex DAB;5B;Marseille Pomègues;13;13055;176,64;TDF;Marseille;île de Pomègues, Îles du Frioul;13;13055;32;01;32|01;agréé et en vigueur;005E1830;43N1629;36,02;27;86;-2,9;-0,3;-0,3;-2,8;-4,7;-2,9;-1,2;-0,8;-1,2;-2,6;-4,4;-6,8;-9,7;-13,3;-17,8;-20,3;-19;-20,1;-26,3;-22,8;-22,5;-23,8;-19,3;-18,6;-19,3;-16,8;-12,9;-9,6;-6,8;-4,4;-2,4;-1,2;-0,7;-1,3;-3;-4,9
Paris;Paris_intermédiaire_2;SAS Radiomux;6D;Paris, Meudon;75;75056;187,072;TDF;Meudon;Étoile du Pavé de Meudon;92;92048;13;01;13|01;agréé et en vigueur;002E1216;48N4809;40;103;171;0;0;0,2;0,4;0,6;0,8;0,8;0,8;0,6;0,4;0,2;0,1;0;0,2;0,6;1,3;2,4;3,8;5,5;7,3;8,8;9,6;9,7;9,5;9,4;9,5;9,6;9,5;8,7;7,2;5,4;3,7;2,3;1,3;0,6;0,2
Marseille;Nice_intermédiaire_1;SAS Opemux RNT;11B;Nice;06;06088;218,64;TDF;Villefranche-sur-Mer;mont Leuze;06;06159;10;04;10|04;agréé et en vigueur;007E1915;43N4318;39,03;53;551;-0,6;-1,4;-2,6;-4;-5,6;-7;-8,1;-8,6;-8,7;-8,7;-8,7;-8,5;-7,9;-6,9;-5,4;-3,9;-2,5;-1,4;-0,6;-0,2;0;-0,1;-0,4;-0,8;-1,2;-1,6;-1,8;-1,9;-1,8;-1,5;-1,2;-0,8;-0,4;-0,2;-0,1;-0,2
Marseille;Nice_intermédiaire_1;SAS Opemux RNT;11B;Cannes;06;06029;218,64;TDF;Vallauris;Centre hélio-marin;06;06155;10;05;10|05;agréé et en vigueur;007E0208;43N3442;36,02;45;281;-18;-16,6;-16,8;-15,1;-11,7;-7,8;-4,4;-2;-0,5;-0,1;-0,2;-0,4;-0,8;-1,9;-3,1;-3,3;-3,4;-3,4;-2,1;-1;-0,5;-0,2;0;-0,6;-2,1;-4,6;-8,1;-11,9;-14,9;-16,3;-16;-17,4;-20,8;-16,7;-16,5;-20,3
Marseille;métropole_métropolitain_1;SAS Société opératrice du multiplex M1;7C;Marseille;13;13055;192,352;Towercast;Septèmes-les-Vallons;Petite Étoile;13;13106;27;10;27|10;agréé et en vigueur;005E2445;43N2321;43,01;71;556;7;7;7;7;8;8;8;7;6;5;3;2;1;1;1;0;0;0;0;0;0;0;0;0;1;1;2;2;3;5;6;7;8;8;8;7
Marseille;Toulon_local_1;SAS Rmux;11C;Toulon;83;83137;220,352;TDF;Six-Fours-les-Plages;Notre-Dame-du-Mai, Cap Sicié;83;;00;10;00|10;agréé et en vigueur;005E5044;43N0311;36,02;72;340;0;-1,1;-2;-1,2;-0,5;-0,7;-1;-1,7;-2,9;-5,2;-9;-14,9;-21,2;-21,6;-17,7;-16,1;-19,3;-20,7;-17,4;-20;-18,6;-16,4;-18,5;-22,4;-20,7;-14,3;-8,8;-5,2;-3;-1,6;-1;-0,6;-0,5;-1,1;-1,8;-0,8
Marseille;Toulon_étendu_1;SAS Compagnie des multiplex DAB;9A;Toulon;83;83137;202,928;TDF;Six-Fours-les-Plages;Notre-Dame-du-Mai, Cap Sicié;83;;26;10;26|10;agréé et en vigueur;005E5044;43N0311;40;72;340;0;1;2;1;1;1;1;2;3;5;9;15;21;22;18;16;19;21;17;20;19;16;19;22;21;14;9;5;3;2;1;1;1;1;2;1
Marseille;Toulon_étendu_1;SAS Compagnie des multiplex DAB;9A;Brignoles;83;;202,928;TDF;La Roquebrussanne;station la Loube;83;;26;01;26|01;agréé et en vigueur;005E5931;43N2207;36,81;49;810;1;1;1;1;0;0;0;0;0;1;2;3;4;6;7;8;9;9;9;9;9;8;7;6;4;3;2;1;0;0;0;0;0;1;1;1
Marseille;Toulon_étendu_1;SAS Compagnie des multiplex DAB;9A;Pignans;83;;202,928;TDF;Pignans;lieudit Notre-Dame des Anges;83;;26;02;26|02;agréé et en vigueur;006E1739;43N1653;36,81;70;775;0;0;0;0;1;2;3;4;6;7;8;9;9;9;9;9;8;7;6;4;3;2;1;0;0;0;0;0;1;1;1;1;1;1;1;0
Marseille;Toulon_étendu_1;SAS Compagnie des multiplex DAB;9A;Hyères;83;;202,928;TDF;Bormes-les-Mimosas;Cap Bénat;83;;26;03;26|03;agréé et en vigueur;006E2056;43N0612;37;22;207;9;6;2;0;0;0;1;1;3;5;8;11;13;15;22;18;14;19;22;15;13;11;7;4;2;1;1;0;0;1;3;7;10;8;8;9
Marseille;métropole_métropolitain_2;SAS OpeNMux;8B;Marseille;13;13055;197,648;Towercast;Septèmes-les-Vallons;Petite Étoile;13;13106;28;10;28|10;agréé et en vigueur;005E2445;43N2321;43;71;556;7;7;7;7;8;8;8;7;6;5;3;2;1;1;1;0;0;0;0;0;0;0;0;0;1;1;2;2;3;5;6;7;8;8;8;7
Poitiers;Orléans_local_1;SAS Grand Ouest Mux;5C;Orléans;45;;178,352;TDF;Fleury-les-Aubrais;2a rue des Bicharderies;45;;23;10;23|10;agréé;001E5539;47N5636;38,06;89;125;6;7;7;7;7;7;6;6;5;4;3;2;1;1;0;0;0;0;0;0;0;0;0;0;0;0;0;0;0;1;1;2;2;3;4;5
Poitiers;Poitiers_local_1;SAS Grand Ouest Mux;7C;Poitiers;86;;192,352;PHF COM;Saint-Benoît;Chemin du champ de la Caille, avenue du 11 Novembre;86;;14;10;14|10;agréé;000E2056;46N3346;39,14;74;121;0;0;0;0;0;0;1;1;1;2;3;4;4;5;6;6;6;6;6;6;6;6;6;5;4;4;3;2;1;1;1;0;0;0;0;0
Poitiers;Tours_local_1;SAS Grand Ouest Mux;9B;Tours;37;;204,64;PHF COM;Tours;23 rue Pinguet Guindon;37;;26;10;26|10;agréé;000E4105;47N2452;39,73;52;99;5;4;4;3;2;2;1;1;0;0;0;0;0;0;1;1;1;0;0;0;0;0;0;0;1;1;2;3;4;4;5;5;5;5;5;5
Lyon;Saint-Étienne_étendu_1;SAS Compagnie des multiplex DAB;6C;Saint-Étienne;42;;185,36;Towercast;Saint-Étienne;Le Guizay;42;;05;10;05|10;agréé et en vigueur;004E2316;45N2402;40;62;780;1;1;0;0;0;0;0;1;2;3;4;6;7;8;8;8;8;8;8;8;8;8;7;6;4;3;2;1;0;0;0;0;0;1;1;1
Lyon;Saint-Étienne_étendu_1;SAS Compagnie des multiplex DAB;6C;Roanne;42;;185,36;Towercast;Cherier;Sainte Agathe;42;;05;01;05|01;agréé et en vigueur;003E5510;45N5904;36,99;21;855;0;0;0;0;1;1;1;1;1;0;0;0;0;0;1;2;3;4;6;7;8;8;8;8;8;8;8;8;8;7;6;4;3;2;1;0
Marseille;Nice_intermédiaire_2;SAS Rmux;11C;Cannes;06;;220,352;TDF;Vallauris;centre hélio marin;06;;17;05;17|05;agréé et en vigueur;007E0208;43N3442;36,02;46;281;18;17;17;15;12;8;4;2;1;0;0;0;1;2;3;3;3;3;2;1;1;0;0;1;2;5;8;12;15;16;16;17;21;17;17;20
Marseille;Nice_intermédiaire_2;SAS Rmux;11C;Grasse;06;;220,352;TDF;Grasse;lieudit Roquevignon, chemin des Pins;06;;17;06;17|06;agréé et en vigueur;006E5503;43N3940;35,44;17;463;8;7;6;5;3;2;1;1;0;0;0;0;0;0;0;0;0;0;0;0;0;1;1;2;3;4;6;7;8;9;9;9;9;9;9;9
Marseille;Nice_local_2;SAS Rmux;9D;Cannes;06;;208,064;TDF;Vallauris;centre hélio marin;06;;04;05;04|05;agréé et en vigueur;007E0208;43N3442;36,03;46;281;19;16;15;12;9;6;3;2;0;0;0;1;1;2;2;2;2;2;2;1;0;0;0;0;2;4;6;10;13;15;17;20;21;16;16;20
Marseille;Nice_local_2;SAS Rmux;9D;Nice;06;;208,064;TDF;Villefranche-sur-Mer;Mont Leuze;06;;04;04;04|04;expérimentation en remplacement du site du Mont de l'Ubac;007E1915;43N4318;36,99;54;551;1;2;3;4;6;7;8;9;9;9;9;9;8;7;6;4;3;2;1;0;0;0;0;0;1;1;1;1;1;1;1;1;0;0;0;0
Paris;Paris_intermédiaire_1;SAS Rmux;6A;Paris, Meudon;75;75056;181,936;TDF;Meudon;Étoile du Pavé de Meudon;92;92048;12;01;12|01;agréé et en vigueur;002E1216;48N4809;40;103;171;0;0;0,2;0,4;0,6;0,8;0,8;0,8;0,6;0,4;0,2;0,1;0;0,2;0,6;1,3;2,4;3,8;5,5;7,3;8,8;9,6;9,7;9,5;9,4;9,5;9,6;9,5;8,7;7,2;5,4;3,7;2,3;1,3;0,6;0,2
Lille;Lille_local_1;SAS RNT Lille 1;7C;Lille-Roubaix;59;59350, 59512;192,352;ADB;Roubaix;rue Henri Dunant;59;59512;05;05;05|05;agréé et en vigueur;003E1057;50N4123;26,02;78;28;1;1;0;0;0;0;0;1;2;3;4;6;7;8;8;8;8;8;8;8;8;8;7;6;4;3;2;1;0;0;0;0;0;1;1;1
Lyon;Annecy_étendu_1;SAS Compagnie des multiplex DAB;7C;Annecy;74;74010;192,352;TDF;Annecy;Tour DVRN Chanteloup, Annecy-le-Vieux;74;74010;18;01;18|01;agréé et en vigueur;006E1020;45N5459;36,02;32;641;5;5;5;5;6;8;13;15;14;13;14;16;13;8;6;5;5;5;5;5;4;2;0;0;1;2;2;1;2;2;1;0;0;2;4;5
Lyon;Annecy_étendu_1;SAS Compagnie des multiplex DAB;7C;Annemasse;74;74012;192,352;TDF;Monnetier-Mornex;restaurant de l'observatoire;74;74185;10;02;10|02;agréé et en vigueur;006E1119;46N0843;36,02;24;1244;4;5;6;4;1;0;1;1;2;3;3;4;5;7;10;12;11;12;14;18;14;8;5;4;3;3;2;3;3;2;1;0;1;2;3;3
Lyon;Annecy_étendu_1;SAS Compagnie des multiplex DAB;7C;Chambéry;73;73065;192,352;TDF;Le Bourget-du-Lac;Relais TDF Mont du Chat;73;73051;18;03;18|03;agréé et en vigueur;005E4917;45N3936;36,02;32;1497;0;0;1;1;2;2;3;4;4;4;3;2;1;0;0;0;1;3;5;7;10;14;18;20;16;15;18;23;18;14;11;9;6;4;2;1
Lyon;Annemasse_local_1;SAS Région Mux;7D;Annemasse;74;74012;194,064;PHF COM;Monnetier-Mornex;lieudit Pierre Vieille;74;74185;34;02;34|02;agréé et en vigueur;006E1305;46N1005;34,77;23;796;0;0;0;0;0;0;0;0;0;0;0;1;2;2;4;5;6;7;8;9;9;9;9;9;8;7;6;5;4;2;2;1;0;0;0;0
Lyon;Chambéry_local_1;SAS Région Mux;6D;Chambéry;73;73065;187,072;PHF COM;Le Bourget-du-Lac;Le Mont du Chat;73;73051;21;03;21|03;agréé et en vigueur;005E4920;45N3948;36,99;18;1474;30;24;15;9;6;4;3;2;1;1;0;0;0;0;0;1;1;2;3;4;6;9;15;24;30;33;33;33;33;33;33;33;33;33;33;33
Lyon;Grenoble_local_1;SAS Région Mux;9C;Grenoble;38;38185;206,352;Towercast;Seyssins;La Combe;38;38486;26;01;26|01;agréé et en vigueur;005E3954;45N0903;38,26;37;755;0;0;0;0;1;1;1;1;1;0;0;0;0;0;1;2;3;4;6;7;8;8;8;8;8;8;8;8;8;7;6;4;3;2;1;0
Lyon;Grenoble_local_1;SAS Région Mux;9C;Voiron;38;38563;206,352;Towercast;Montaud;Mollard Guillon;38;38248;26;02;26|02;agréé et en vigueur;005E3246;45N1537;35,44;33;852;0;0;0;0;1;2;3;4;6;7;8;8;8;8;8;8;8;8;8;7;6;4;3;2;1;0;0;0;0;0;1;1;1;1;1;0
Lyon;Saint-Étienne_local_1;SAS Région Mux;8A;Saint-Étienne;42;42218;195,936;PHF COM;Saint-Étienne;le Guizay;42;42218;36;10;36|10;agréé et en vigueur;004E2338;45N2400;39,35;22;819;0;0;0;0;0;0;1;2;2;4;5;6;7;8;9;9;9;9;9;8;7;6;5;4;2;2;1;0;0;0;0;0;0;0;0;0
Poitiers;Orléans_étendu_1;SAS Compagnie des multiplex DAB;10A;Orléans;45;;209,936;TDF;Fleury-les-Aubrais;2a rue des Bicharderies;45;;08;10;08|10;agréé;001E5539;47N5636;39,54;88;125;6;7;7;7;7;7;7;7;6;5;4;3;2;1;1;0;0;0;0;0;0;0;0;0;0;0;0;0;0;0;1;2;2;3;5;6
Poitiers;Orléans_étendu_1;SAS Compagnie des multiplex DAB;10A;Blois;41;;209,936;TDF;Villebarou;21 rue Jules Berthonneau la Gargotière;41;;08;01;08|01;agréé;001E1811;47N3630;34,77;58;112;8;4;3;2;0;0;2;3;3;5;24;4;3;2;0;1;2;2;3;2;1;3;4;2;1;1;1;1;5;6;11;12;14;23;13;10
Poitiers;Orléans_étendu_1;SAS Compagnie des multiplex DAB;10A;Montargis;45;;209,936;TDF;Montargis;31 rue du Faubourg de la Chaussée;45;;08;02;08|02;agréé;002E4431;47N5954;36,02;49;88;7;7;7;7;6;5;4;3;2;1;1;0;0;0;0;0;0;0;0;0;0;0;0;0;0;0;1;2;2;3;5;6;6;7;7;7
Poitiers;Poitiers_étendu_1;SAS Compagnie des multiplex DAB;9C;Poitiers;86;;206,352;TDF;Poitiers;Couronneries hôp. D. Ch. (32 chemin des Crêtes ?);86;;01;10;01|10;agréé;000E2051;46N3529;37,78;61;110;7;7;7;7;7;6;5;4;3;2;1;1;0;0;0;0;0;0;0;0;0;0;0;0;0;0;0;1;2;2;3;5;6;6;7;7
Poitiers;Poitiers_étendu_1;SAS Compagnie des multiplex DAB;9C;Châtellerault;86;;206,352;TDF;Antran;station hertzienne d'Antran, la Barbotterie;86;;01;01;01|01;agréé;000E3135;46N5417;37,4;70;142;30;30;30;30;30;30;26;24;21;19;18;18;17;14;10;7;4;2;1;0;0;0;1;3;5;8;11;15;17;18;19;20;22;23;26;30
Poitiers;Poitiers_étendu_1;SAS Compagnie des multiplex DAB;9C;Niort;79;;206,352;TDF;Saint-Gelais;Fief Gâteau, rue des Genêts;79;;01;02;01|02;agréé;000W2550;46N2056;36,02;82;73;4;5;5;5;5;5;5;4;4;3;3;2;1;1;0;0;0;0;0;1;1;1;1;1;1;0;0;0;0;0;0;1;1;2;3;4
Poitiers;Tours_étendu_1;SAS Compagnie des multiplex DAB;6C;Tours;37;;185,36;Towercast;Tours;14 Chemin du télégraphe / 2 rue de Rochecorbon;37;;27;10;27|10;agréé;000E4327;47N2421;40;36;92;1;2;3;4;6;7;8;8;8;8;8;8;8;8;8;7;6;4;3;2;1;0;0;0;0;0;1;1;1;1;1;0;0;0;0;0
Poitiers;Tours_étendu_1;SAS Compagnie des multiplex DAB;6C;Descartes;37;;185,36;Towercast;Buxeuil;Les vignes des liaumes;37;;27;01;27|01;agréé;000E4104;46N5752;32,3;27;103;0;0;1;1;1;1;1;0;0;0;0;0;1;2;3;4;6;7;8;8;8;8;8;8;8;8;8;7;6;4;3;2;1;0;0;0
Poitiers;Tours_étendu_1;SAS Compagnie des multiplex DAB;6C;Chinon;37;;185,36;Towercast;Chinon;La Roche-Clermault;37;;27;02;27|02;étudié;000E1342;47N0810;34,15;20;106;0;1;1;1;1;1;0;0;0;0;0;1;2;3;4;6;7;8;8;8;8;8;8;8;8;8;7;6;4;3;2;1;0;0;0;0
Lyon;Annecy_local_1;SAS Région Mux;11D;Annecy;74;74010;222,064;PHF COM;Annecy;lieudit Chanteloup, Annecy-le-Vieux;74;74010;31;01;31|01;agréé et en vigueur;006E1010;45N5458;39,03;25;652;8;9;11;11;12;13;13;13;13;13;13;13;12;11;11;9;8;6;5;3;2;1;1;0;0;0;0;0;0;0;1;1;2;3;5;6
Lyon;Grenoble_étendu_1;SAS Compagnie des multiplex DAB;5D;Grenoble;38;38185;180,064;Towercast;Seyssins;La Combe;38;;03;01;03|01;agréé et en vigueur;005E3954;45N0903;38,26;37;755;0;0;0;0;1;1;1;1;1;0;0;0;0;0;1;2;3;4;6;7;8;8;8;8;8;8;8;8;8;7;6;4;3;2;1;0
Lyon;Grenoble_étendu_1;SAS Compagnie des multiplex DAB;5D;Voiron;38;;180,064;Towercast;Montaud;Mollard Guillon;38;;03;02;03|02;agréé et en vigueur;005E3246;45N1537;35,44;33;852;0;0;0;0;1;2;3;4;6;7;8;8;8;8;8;8;8;8;8;7;6;4;3;2;1;0;0;0;0;0;1;1;1;1;1;0
Lyon;Grenoble_étendu_1;SAS Compagnie des multiplex DAB;5D;La Tour-du-Pin;38;;180,064;Towercast;La Tour-du-Pin;Champ Badieu Dessus;38;;03;03;03|03;agréé et en vigueur;005E2713;45N3328;34,15;12;364;0;0;1;2;3;4;6;7;8;8;8;8;8;8;8;8;8;7;6;4;3;2;1;0;0;0;0;0;1;1;1;1;1;0;0;0
Nancy;Haguenau_local_1;SARL Club Opérateurs RNT Mux Strasbourg 1;7A;Haguenau;67;;188,928;PHF COM;Haguenau;64 av du professeur René Leriche;67;;23;03;23|03;agréé et en vigueur;48N4751;007E4646;35,56;50;162;0;0;0;0;0;0;0;0;0;0;1;2;2;4;5;6;7;8;9;9;9;9;9;8;7;6;5;4;2;2;1;0;0;0;0;0
Bordeaux;La Rochelle_local_1;SAS Opemux RNT;10C;La Rochelle;17;;213,36;Towercast;Puilboreau;rue du Château-d'eau;17;;06;10;06|10;agréé;46N1139;001W0650;36,99;53;32;9;9;8;7;6;4;3;2;1;0;0;0;0;0;1;1;1;1;1;1;1;0;0;0;0;0;1;2;3;4;6;7;8;9;9;9
Bordeaux;La Rochelle_étendu_1;SAS Compagnie des multiplex DAB;10D;La Rochelle;17;;215,072;TDF;Périgny;rue Augustin Fresnel;17;;16;10;16|10;agréé;46N0946;001W0545;37,78;80;18;2;4;5;6;7;7;7;7;7;7;7;7;6;5;4;3;2;1;1;0;0;0;0;0;0;0;0;0;0;0;0;0;0;0;1;2
Bordeaux;La Rochelle_étendu_1;SAS Compagnie des multiplex DAB;10D;Angoulême;16;;215,072;TDF;Angoulême;Petit Beauregard;16;;16;01;16|01;agréé;45N3825;000E0919;36,02;37;90;1;1;0;0;0;0;0;0;0;1;1;2;3;4;4;4;5;5;5;5;5;4;4;3;3;2;1;1;0;0;0;0;0;0;0;1
Bordeaux;La Rochelle_étendu_1;SAS Compagnie des multiplex DAB;10D;Rochefort;17;;215,072;TDF;Rochefort;Béligon-les quatre ânes, 4 route du Breuil;17;;16;02;16|02;agréé;45N5757;000W5810;36,02;52;25;5;4;4;3;3;2;1;1;0;0;0;0;0;0;0;1;1;1;0;0;0;0;0;0;0;1;1;2;3;4;4;4;5;5;5;5
Bordeaux;La Rochelle_étendu_1;SAS Compagnie des multiplex DAB;10D;Saintes;17;;215,072;TDF;Saintes;Stade Vélodrome, impasse du Vélodrome;17;;16;03;16|03;agréé;45N4417;000W3823;36,02;36;38;6;3;2;1;0;0;1;2;3;6;12;16;13;12;12;14;16;11;6;3;2;1;0;0;1;2;3;6;12;16;13;12;12;14;16;11
Lille;Valenciennes_local_1;SCIC SARL La Coopérative de Radiodiffusion;7A;Maubeuge;59;;188,928;La Coopérative de Radiodiffusion;Maubeuge;château d'eau, rue de Grévaux;59;;22;06;22|06;agréé et en vigueur;003E5519;50N1603;39,77;46;160;11;11;9;8;6;5;3;2;1;1;0;0;0;0;0;0;0;1;1;2;3;5;6;8;9;11;11;12;13;13;13;13;13;13;13;12
Marseille;Nice_étendu_1;SAS Radiomux;11A;Cannes;06;06029;216,928;TWC;Le Cannet;Mont le Pezou;06;06030;31;05;31|05;agréé et en vigueur;007E0206;43N3410;35,44;48;254;0;0;0;0;1;2;3;4;6;7;8;9;9;9;9;9;8;7;6;4;3;2;1;0;0;0;0;0;1;1;1;1;1;1;1;0
Marseille;Nice_étendu_1;SAS Radiomux;11A;Saint-Raphaël;83;83118;216,928;TDF;Saint-Raphaël;Bois du Grand Défens;83;83118;31;06;31|06;agréé et en vigueur;006E4842;43N2558;36,02;24;138;24;26;29;30;27;30;30;30;30;30;30;30;30;28;30;30;28;27;26;26;20;13;8;4;2;1;0;0;0;1;2;4;8;14;21;28
