Date,Station,Area,Site,Licence,Frequency,NGR,Site Ht,In-Use Aerial Ht,In-Use EMRP (kW),Max Dir,0,10,20,30,40,50,60,70,80,90,100,110,120,130,140,150,160,170,180,190,200,210,220,230,240,250,260,270,280,290,300,310,320,330,340,350,Licensed Aerial Ht,Licensed EMRP,0,10,20,30,40,50,60,70,80,90,100,110,120,130,140,150,160,170,180,190,200,210,220,230,240,250,260,270,280,290,300,310,320,330,340,350,Lat,Long
01/01/1900,Acacia Radio,Annesley Woodhouse,Annesley - Acacia Centre,LRSL000192,1287,SK50335380,173,10,"0.001,000",,,,,,,,,,,,,,,,,,,,,,,,,,,,,,,,,,,,,,10,"0.001,000",,,,,,,,,,,,,,,,,,,,,,,,,,,,,,,,,,,,,53.079047,-1.250137
10/03/2020,Akash Radio Leeds,Leeds,Leeds - Potternewton Lane,CR100143,1323,SE29893664,113,14,"0.030,000",,,,,,,,,,,,,,,,,,,,,,,,,,,,,,,,,,,,,,14,"0.050,000",,,,,,,,,,,,,,,,,,,,,,,,,,,,,,,,,,,,,53.825157,-1.547404
16/02/2022,Anker Radio,,George Eliot Hospital,LRSL104494,1386,SP358905,102,20,"0.001,000",,,,,,,,,,,,,,,,,,,,,,,,,,,,,,,,,,,,,,20,"0.001,000",,,,,,,,,,,,,,,,,,,,,,,,,,,,,,,,,,,,,52.511208,-1.473932
29/04/1996,Asian Sound Radio,East Lancashire,Ashton Moss C,AL000183,1377,SJ92419945,101,25,"0.080,000",,,,,,,,,,,,,,,,,,,,,,,,,,,,,,,,,,,,,,71,"0.080,000",,,,,,,,,,,,,,,,,,,,,,,,,,,,,,,,,,,,,53.491685,-2.115866
20/05/1996,Asian Sound Radio,East Lancashire,HASLINGDEN,AL000183,963,SD79542361,336,46,"0.200,000",,,,,,,,,,,,,,,,,,,,,,,,,,,,,,,,,,,,,,46,"0.200,000",,,,,,,,,,,,,,,,,,,,,,,,,,,,,,,,,,,,,53.708491,-2.311438
01/01/1900,BBC Asian Network,Midlands,Freemens Common,BBC000011,837,SK58890271,79,46,"0.700,000",,,,,,,,,,,,,,,,,,,,,,,,,,,,,,,,,,,,,,46,"0.450,001",,,,,,,,,,,,,,,,,,,,,,,,,,,,,,,,,,,,,52.61896,-1.13158
01/01/1900,BBC Asian Network,Midlands,Gunthorpe,BBC000011,1449,TF18720360,3,83,"0.150,000",,,,,,,,,,,,,,,,,,,,,,,,,,,,,,,,,,,,,,85,"0.138,000",,,,,,,,,,,,,,,,,,,,,,,,,,,,,,,,,,,,,52.617188,-0.247858
01/01/1900,BBC Asian Network,Midlands,Langley Mill,BBC000011,1458,SP160968,91,71,"5.000,000",,16,13,11,9,9,10,12,15,20,28,30,30,30,30,20,13,6,4,2,1,0,0,0,0,1,2,4,8,14,30,30,30,30,30,30,22,71,"27.999,998",25,18,14,13,13,14,18,25,31,28,31,31,30,31,18,9,7,3,2,1,1,0,0,1,1,2,3,7,9,16,31,30,31,30,28,31,52.56878,-1.765371
01/01/1900,BBC Asian Network,Midlands,Sedgley,BBC000011,828,SO905939,160,50,"0.200,000",,,,,,,,,,,,,,,,,,,,,,,,,,,,,,,,,,,,,,50,"0.200,000",,,,,,,,,,,,,,,,,,,,,,,,,,,,,,,,,,,,,52.542856,-2.14151
01/01/1900,BBC Guernsey (AM),Guernsey,Rohais,BBC000049,1116,CI593514,28,45,"0.500,000",,,,,,,,,,,,,,,,,,,,,,,,,,,,,,,,,,,,,,45,"0.540,000",,,,,,,,,,,,,,,,,,,,,,,,,,,,,,,,,,,,,49.46174,-2.562965
01/01/1900,BBC Radio 4 (AM),Cumbria,Brisco,BBC000004,1485,NY412526,38,46,"0.790,000",,,,,,,,,,,,,,,,,,,,,,,,,,,,,,,,,,,,,,46,"1.000,000",,,,,,,,,,,,,,,,,,,,,,,,,,,,,,,,,,,,,54.864686,-2.917634
01/01/1900,BBC Radio 4 (AM),London,Crystal Palace,BBC000004,720,TQ33947122,110,125,"0.240,000",,,,,,,,,,,,,,,,,,,,,,,,,,,,,,,,,,,,,,80,"0.550,000",,,,,,,,,,,,,,,,,,,,,,,,,,,,,,,,,,,,,51.424161,-0.074944
01/01/1900,BBC Radio 4 (AM),A,Enniskillen AM,BBC000004,774,IH23274572,70,45,"0.500,000",,,,,,,,,,,,,,,,,,,,,,,,,,,,,,,,,,,,,,45,"1.000,000",,,,,,,,,,,,,,,,,,,,,,,,,,,,,,,,,,,,,54.359626,-7.642841
01/01/1900,BBC Radio 4 (AM),Northern Ireland,Lisnagarvey,BBC000004,720,IJ25746187,44,46,"10.000,000",,,,,,,,,,,,,,,,,,,,,,,,,,,,,,,,,,,,,,46,"10.000,000",,,,,,,,,,,,,,,,,,,,,,,,,,,,,,,,,,,,,54.489676,-6.060423
01/01/1900,BBC Radio 4 (AM),Londonderry,Londonderry MF,BBC000004,720,IC40501765,175,107,"0.250,000",,,,,,,,,,,,,,,,,,,,,,,,,,,,,,,,,,,,,,46,"0.630,001",,,,,,,,,,,,,,,,,,,,,,,,,,,,,,,,,,,,,55.004653,-7.367867
01/01/1900,BBC Radio 4 (AM),Devon,Plumer Barracks,BBC000004,774,SX49065848,101,38,"0.200,000",,,,,,,,,,,,,,,,,,,,,,,,,,,,,,,,,,,,,,30,"1.000,000",,,,,,,,,,,,,,,,,,,,,,,,,,,,,,,,,,,,,50.406749,-4.125485
01/01/1900,BBC Radio 4 (AM),North East Scotland,Redmoss MF,BBC000004,1449,NJ94340257,90,76,"2.000,000",,,,,,,,,,,,,,,,,,,,,,,,,,,,,,,,,,,,,,76,"2.300,001",,,,,,,,,,,,,,,,,,,,,,,,,,,,,,,,,,,,,57.114016,-2.095089
01/01/1900,BBC Radio 4 (AM),Cornwall,Redruth MF,BBC000004,756,SW70934026,182,24,"2.000,000",,,,,,,,,,,,,,,,,,,,,,,,,,,,,,,,,,,,,,38,"2.000,000",,,,,,,,,,,,,,,,,,,,,,,,,,,,,,,,,,,,,50.217887,-5.2124
01/01/1900,BBC Radio 4 (AM),Newcastle,Wrekenton,BBC000004,603,NZ27465987,152,46,"0.500,000",,,,,,,,,,,,,,,,,,,,,,,,,,,,,,,,,,,,,,46,"2.000,000",,,,,,,,,,,,,,,,,,,,,,,,,,,,,,,,,,,,,54.932736,-1.572984
01/01/1900,BBC Radio 5 live,Cumbria,Barrow,BBC000005,693,SD218707,23,45,"0.600,000",30,0,0,0,0,0,0,0,1,1,1,2,2,3,4,5,6,7,8,9,9,9,9,9,9,9,8,7,6,5,4,3,2,2,1,1,1,46,"1.580,000",1,0,0,0,0,0,1,2,2,2,3,3,4,5,6,7,8,9,10,10,10,10,10,10,10,9,8,7,6,5,4,3,3,2,2,2,54.126165,-3.198099
01/01/1900,BBC Radio 5 live,Sussex,Bexhill MF,BBC000005,693,TQ724071,15,45,"0.400,000",,,,,,,,,,,,,,,,,,,,,,,,,,,,,,,,,,,,,,46,"1.000,000",,,,,,,,,,,,,,,,,,,,,,,,,,,,,,,,,,,,,50.837744,0.447085
01/01/1900,BBC Radio 5 live,London and the South East,Brookmans Park,BBC000005,909,TL26040481,127,152,"200.000,002",,,,,,,,,,,,,,,,,,,,,,,,,,,,,,,,,,,,,,152,"228.999,746",,,,,,,,,,,,,,,,,,,,,,,,,,,,,,,,,,,,,51.727838,-0.176464
01/01/1900,BBC Radio 5 live,North Scotland,Burghead,BBC000005,693,NJ12496853,40,150,"25.000,000",,,,,,,,,,,,,,,,,,,,,,,,,,,,,,,,,,,,,,152,"59.999,965",,,,,,,,,,,,,,,,,,,,,,,,,,,,,,,,,,,,,57.69801,-3.46983
01/01/1900,BBC Radio 5 live,A,Clevedon,BBC000005,909,ST40036976,5,107,"74.999,955",,3,4,5,6,7,7,7,7,7,7,7,7,7,6,5,4,3,2,2,1,1,0,0,0,0,0,0,0,0,0,0,0,1,1,2,2,107,"78.999,983",3,4,5,6,7,7,7,7,7,7,7,7,7,6,5,4,3,2,2,1,1,0,0,0,0,0,0,0,0,0,0,0,1,1,2,2,51.423652,-2.863893
01/01/1900,BBC Radio 5 live,Dartford Tunnel,Dartford Tunnel,BBC000005,909,TQ571769,3,0,"0.004,000",,,,,,,,,,,,,,,,,,,,,,,,,,,,,,,,,,,,,,0,"0.004,000",,,,,,,,,,,,,,,,,,,,,,,,,,,,,,,,,,,,,51.469253,0.260425
01/01/1900,BBC Radio 5 live,Midlands,Droitwich,BBC000005,693,SO92916672,48,102,"149.999,911",,,,,,,,,,,,,,,,,,,,,,,,,,,,,,,,,,,,,,213,"251.000,161",,,,,,,,,,,,,,,,,,,,,,,,,,,,,,,,,,,,,52.298545,-2.105388
01/01/1900,BBC Radio 5 live,A,Enniskillen AM,BBC000005,693,IH23274572,70,45,"0.400,000",,,,,,,,,,,,,,,,,,,,,,,,,,,,,,,,,,,,,,45,"1.000,000",,,,,,,,,,,,,,,,,,,,,,,,,,,,,,,,,,,,,54.359626,-7.642841
01/01/1900,BBC Radio 5 live,Newcastle,Fareham,BBC000005,909,SU54520582,30,61,"0.800,000",,,,,,,,,,,,,,,,,,,,,,,,,,,,,,,,,,,,,,61,"1.000,000",,,,,,,,,,,,,,,,,,,,,,,,,,,,,,,,,,,,,50.849331,-1.226918
01/01/1900,BBC Radio 5 live,South Hampshire & Isle of Wight,Fern Barrow,BBC000005,909,SZ06989258,44,45,"0.500,000",,,,,,,,,,,,,,,,,,,,,,,,,,,,,,,,,,,,,,45,"1.000,000",,,,,,,,,,,,,,,,,,,,,,,,,,,,,,,,,,,,,50.732788,-1.902461
01/01/1900,BBC Radio 5 live,Kent,Folkestone MF,BBC000005,693,TR255389,145,45,"0.400,000",,,,,,,,,,,,,,,,,,,,,,,,,,,,,,,,,,,,,,46,"1.000,000",,,,,,,,,,,,,,,,,,,,,,,,,,,,,,,,,,,,,51.105014,1.219804
01/01/1900,BBC Radio 5 live,Northern Ireland,Lisnagarvey,BBC000005,909,IJ25746187,44,45,"5.000,000",,,,,,,,,,,,,,,,,,,,,,,,,,,,,,,,,,,,,,46,"10.000,000",,,,,,,,,,,,,,,,,,,,,,,,,,,,,,,,,,,,,54.489676,-6.060423
01/01/1900,BBC Radio 5 live,Londonderry,Londonderry MF,BBC000005,909,IC40501765,175,107,"0.280,000",,,,,,,,,,,,,,,,,,,,,,,,,,,,,,,,,,,,,,46,"1.000,000",,,,,,,,,,,,,,,,,,,,,,,,,,,,,,,,,,,,,55.004653,-7.367867
01/01/1900,BBC Radio 5 live,Northern England,Moorside Edge,BBC000005,909,SE07071542,340,152,"400.000,008",,4,3,2,1,0,0,0,0,1,2,3,5,6,7,8,8,8,7,6,5,3,2,1,0,0,0,0,1,2,3,4,5,6,6,6,5,152,"502.000,327",4,3,2,1,0,0,0,0,1,2,3,5,6,7,8,8,8,7,6,5,3,2,1,0,0,0,0,1,2,3,4,5,6,6,6,5,53.635238,-1.894553
01/01/1900,BBC Radio 5 live,Exeter,Pearce's Hill,BBC000005,909,SX93098814,82,26,"0.200,000",,,,,,,,,,,,,,,,,,,,,,,,,,,,,,,,,,,,,,36,"1.000,000",,,,,,,,,,,,,,,,,,,,,,,,,,,,,,,,,,,,,50.683057,-3.514661
01/01/1900,BBC Radio 5 live,Norfolk,Postwick,BBC000005,693,TG30380867,26,84,"14.999,991",,3,3,2,1,1,0,0,0,0,0,0,0,0,0,0,0,0,0,0,1,1,2,2,3,4,4,5,5,5,5,5,5,5,5,4,4,84,"15.799,997",3,3,2,1,1,0,0,0,0,0,0,0,0,0,0,0,0,0,0,1,1,2,2,3,4,4,5,5,5,5,5,5,5,5,4,4,52.626852,1.402572
01/01/1900,BBC Radio 5 live,North East Scotland,Redmoss MF,BBC000005,693,NJ94340257,90,76,"0.800,000",,,,,,,,,,,,,,,,,,,,,,,,,,,,,,,,,,,,,,76,"1.000,000",,,,,,,,,,,,,,,,,,,,,,,,,,,,,,,,,,,,,57.114016,-2.095089
01/01/1900,BBC Radio 5 live,Cornwall,Redruth MF,BBC000005,909,SW70934026,182,24,"0.400,000",,,,,,,,,,,,,,,,,,,,,,,,,,,,,,,,,,,,,,38,"2.000,000",,,,,,,,,,,,,,,,,,,,,,,,,,,,,,,,,,,,,50.217887,-5.2124
01/01/1900,BBC Radio 5 live,Sussex,Southwick,BBC000005,693,TQ23390510,5,83,"0.600,000",,,,,,,,,,,,,,,,,,,,,,,,,,,,,,,,,,,,,,82,"11.000,008",,,,,,,,,,,,,,,,,,,,,,,,,,,,,,,,,,,,,50.832284,-0.24922
01/01/1900,BBC Radio 5 live,Northumberland,Stagshaw,BBC000005,693,NY986709,213,145,"50.000,000",,,,,,,,,,,,,,,,,,,,,,,,,,,,,,,,,,,,,,145,"59.999,965",,,,,,,,,,,,,,,,,,,,,,,,,,,,,,,,,,,,,55.0326,-2.023437
01/01/1900,BBC Radio 5 live,South West England,Start Point,BBC000005,693,SX81413781,122,137,"80.000,002",,0,1,1,2,3,5,8,13,18,25,18,13,11,8,7,6,6,6,7,8,11,13,18,25,18,11,8,5,3,2,1,1,0,0,0,0,137,"157.999,968",0,1,1,2,3,5,8,13,18,25,18,13,11,8,7,6,6,6,7,8,11,13,18,25,18,13,8,5,3,2,1,1,0,0,0,0,50.228364,-3.663965
01/01/1900,BBC Radio 5 live,Wales,Tywyn,BBC000005,990,SH58070041,6,45,"0.400,000",,,,,,,,,,,,,,,,,,,,,,,,,,,,,,,,,,,,,,45,"1.000,000",,,,,,,,,,,,,,,,,,,,,,,,,,,,,,,,,,,,,52.582906,-4.096237
01/01/1900,BBC Radio 5 live,Central Scotland,Westerglen,BBC000005,909,NS86647721,155,152,"69.999,994",,,,,,,,,,,,,,,,,,,,,,,,,,,,,,,,,,,,,,152,"78.999,983",,,,,,,,,,,,,,,,,,,,,,,,,,,,,,,,,,,,,55.974427,-3.818043
01/01/1900,BBC Radio 5 live,Cumbria,Whitehaven MF,BBC000005,909,NX974172,8,43,"0.400,000",,,,,,,,,,,,,,,,,,,,,,,,,,,,,,,,,,,,,,46,"1.000,000",,,,,,,,,,,,,,,,,,,,,,,,,,,,,,,,,,,,,54.539612,-3.58734
01/01/1900,BBC Radio Cumbria (AM),Cumbria,Barrow,BBC000017,837,SD218707,23,46,"1.000,000",,1,0,0,0,0,0,1,1,2,3,4,7,9,13,16,16,12,10,8,7,6,6,6,7,8,10,12,17,18,12,9,6,4,3,2,1,46,"1.580,000",1,0,0,0,0,0,1,1,2,3,4,6,8,11,16,16,12,10,8,7,6,6,6,7,8,10,12,16,16,11,8,6,4,3,2,2,54.126165,-3.198099
01/01/1900,BBC Radio Cumbria (AM),Cumbria,Brisco,BBC000017,756,NY412526,38,46,"1.000,000",,,,,,,,,,,,,,,,,,,,,,,,,,,,,,,,,,,,,,46,"1.000,000",,,,,,,,,,,,,,,,,,,,,,,,,,,,,,,,,,,,,54.864686,-2.917634
01/01/1900,BBC Radio Derby (AM),Derbyshire,Burnaston,BBC000018,1116,SK297314,60,17,"1.000,000",,0,0,1,1,1,1,1,1,2,2,2,2,3,3,4,4,4,4,4,4,4,3,3,2,2,2,2,1,1,1,1,1,1,0,0,0,17,"1.260,001",0,0,1,1,1,1,1,1,2,2,2,2,3,3,4,4,4,4,4,4,4,3,3,2,2,2,2,1,1,1,1,1,1,0,0,0,52.879237,-1.560132
01/01/1900,BBC Radio Gloucestershire (AM),Gloucestershire,Berkeley Heath,BBC000021,1413,ST709993,17,40,"0.200,000",,0,0,0,0,0,0,0,0,0,0,0,5,5,5,5,5,0,0,0,0,0,0,0,0,0,0,0,0,0,0,0,0,0,0,0,0,40,"0.200,000",,,,,,,,,,,,,,,,,,,,,,,,,,,,,,,,,,,,,51.691681,-2.422387
01/01/1900,BBC Radio Jersey (AM),Jersey,Trinity,BBC000050,1026,CI923249,105,45,"1.000,000",,,,,,,,,,,,,,,,,,,,,,,,,,,,,,,,,,,,,,45,"1.000,000",,,,,,,,,,,,,,,,,,,,,,,,,,,,,,,,,,,,,49.2247,-2.107062
01/01/1900,BBC Radio Norfolk (AM),Norfolk,West Lynn,BBC000033,873,TF612188,3,46,"0.250,000",,2,2,1,1,1,1,0,0,0,0,0,0,0,1,1,1,1,2,2,3,3,4,4,5,5,6,7,7,7,6,5,5,4,4,3,3,46,"0.380,000",2,2,1,1,1,1,0,0,0,0,0,0,0,1,1,1,1,2,2,3,3,4,4,5,5,6,7,7,7,6,5,5,4,4,3,3,52.742777,0.386521
01/01/1900,BBC Radio Scotland (AM),Scotland,Burghead,BBC000006,810,NJ12496853,40,152,"100.000,000",,,,,,,,,,,,,,,,,,,,,,,,,,,,,,,,,,,,,,152,"161.999,995",,,,,,,,,,,,,,,,,,,,,,,,,,,,,,,,,,,,,57.69801,-3.46983
01/01/1900,BBC Radio Scotland (AM),Central Scotland,Westerglen,BBC000006,810,NS86647721,155,152,"100.000,000",,,,,,,,,,,,,,,,,,,,,,,,,,,,,,,,,,,,,,152,"161.999,995",,,,,,,,,,,,,,,,,,,,,,,,,,,,,,,,,,,,,55.974427,-3.818043
01/01/1900,BBC Radio Wales (AM),Wales,Washford,BBC000008,882,ST05844110,41,152,"10.000,000",,0,0,1,1,2,2,2,3,3,4,5,6,6,5,4,5,5,6,6,6,5,5,4,4,4,4,4,4,3,3,2,2,2,1,1,0,152,"11.999,993",0,0,1,1,2,2,2,3,3,4,5,6,6,5,4,5,5,6,6,6,5,5,4,4,4,4,4,4,3,3,2,2,2,1,1,0,51.161365,-3.347935
01/01/1900,BBC Somerset (AM),Somerset,Taunton MF,BBC000040,1566,ST23772533,21,36,"1.000,000",,,,,,,,,,,,,,,,,,,,,,,,,,,,,,,,,,,,,,36,"0.630,001",,,,,,,,,,,,,,,,,,,,,,,,,,,,,,,,,,,,,51.02226,-3.088245
01/01/1900,BFBS,Bovington,Bovington Camp,LRSL000204,1287,SY832891,50,20,"0.001,000",,,,,,,,,,,,,,,,,,,,,,,,,,,,,,,,,,,,,,20,"0.001,000",,,,,,,,,,,,,,,,,,,,,,,,,,,,,,,,,,,,,50.701288,-2.239253
05/08/2021,BFBS Gurkha Radio,Aldershot,Aldershot Garrison - St Omer Barracks,LRSL104248,1278,SU878520,83,10,"0.001,000",,,,,,,,,,,,,,,,,,,,,,,,,,,,,,,,,,,,,,10,"0.001,000",,,,,,,,,,,,,,,,,,,,,,,,,,,,,,,,,,,,,51.260401,-0.743088
05/08/2021,BFBS Gurkha Radio,Stafford,Beaconside Stafford,LRSL104240,1278,SJ939242,78,10,"0.004,000",,,,,,,,,,,,,,,,,,,,,,,,,,,,,,,,,,,,,,10,"0.004,000",,,,,,,,,,,,,,,,,,,,,,,,,,,,,,,,,,,,,52.815291,-2.091948
05/08/2021,BFBS Gurkha Radio,Blandford Forum,Blandford Camp,LRSL104241,1287,ST920084,80,10,"0.001,000",,,,,,,,,,,,,,,,,,,,,,,,,,,,,,,,,,,,,,10,"0.001,000",,,,,,,,,,,,,,,,,,,,,,,,,,,,,,,,,,,,,50.875033,-2.115071
05/08/2021,BFBS Gurkha Radio,Nuneaton,Bramcote Barracks,LRSL104243,1134,SP408885,111,10,"0.001,000",,,,,,,,,,,,,,,,,,,,,,,,,,,,,,,,,,,,,,10,"0.001,000",,,,,,,,,,,,,,,,,,,,,,,,,,,,,,,,,,,,,52.492879,-1.400508
05/08/2021,BFBS Gurkha Radio,Brecon,Brecon Barracks,LRSL104242,1287,SO045285,133,10,"0.001,000",,,,,,,,,,,,,,,,,,,,,,,,,,,,,,,,,,,,,,10,"0.001,000",,,,,,,,,,,,,,,,,,,,,,,,,,,,,,,,,,,,,51.946758,-3.390856
05/08/2021,BFBS Gurkha Radio,Gillingham,Brompton Barracks,LRSL104246,1287,TQ763689,38,10,"0.001,000",,,,,,,,,,,,,,,,,,,,,,,,,,,,,,,,,,,,,,10,"0.001,000",,,,,,,,,,,,,,,,,,,,,,,,,,,,,,,,,,,,,51.39174,0.5326
09/06/2021,BFBS Gurkha Radio,Hullavington,Buckley Barracks,LRSL103007,1287,ST912813,91,10,"0.001,000",,,,,,,,,,,,,,,,,,,,,,,,,,,,,,,,,,,,,,10,"0.001,000",,,,,,,,,,,,,,,,,,,,,,,,,,,,,,,,,,,,,51.530529,-2.128252
15/02/2022,BFBS Gurkha Radio,Salisbury,Bulford Camp,LRSL104357,1134,SU19514292,184,10,"0.001,000",,,,,,,,,,,,,,,,,,,,,,,,,,,,,,,,,,,,,,10,"0.001,000",,,,,,,,,,,,,,,,,,,,,,,,,,,,,,,,,,,,,51.18517,-1.722235
01/12/2020,BFBS Gurkha Radio,Abingdon,Dalton Barracks,LRSL102769,1134,SU482991,67,10,"0.001,000",,,,,,,,,,,,,,,,,,,,,,,,,,,,,,,,,,,,,,10,"0.001,000",,,,,,,,,,,,,,,,,,,,,,,,,,,,,,,,,,,,,51.688584,-1.304137
01/01/1900,BFBS Gurkha Radio,Innsworth,Imjin Barracks,LRSL101592,1287,SO863213,10,10,"0.001,000",,,,,,,,,,,,,,,,,,,,,,,,,,,,,,,,,,,,,,10,"0.001,000",,,,,,,,,,,,,,,,,,,,,,,,,,,,,,,,,,,,,51.890072,-2.200475
05/08/2021,BFBS Gurkha Radio,Camberley,Sandhurst,LRSL104245,1134,SU832615,59,10,"0.001,000",,,,,,,,,,,,,,,,,,,,,,,,,,,,,,,,,,,,,,10,"0.001,000",,,,,,,,,,,,,,,,,,,,,,,,,,,,,,,,,,,,,51.346493,-0.806784
05/08/2021,BFBS Gurkha Radio,Folkestone,Sir John Moore Bks,LRSL104247,1287,TR194355,80,10,"0.001,000",,,,,,,,,,,,,,,,,,,,,,,,,,,,,,,,,,,,,,10,"0.001,000",,,,,,,,,,,,,,,,,,,,,,,,,,,,,,,,,,,,,51.076852,1.130745
24/03/2021,BFBS Gurkha Radio,Perham Down,Swinton Barracks,LRSL103008,1278,SU256489,132,10,"0.001,000",,,,,,,,,,,,,,,,,,,,,,,,,,,,,,,,,,,,,,10,"0.001,000",,,,,,,,,,,,,,,,,,,,,,,,,,,,,,,,,,,,,51.238702,-1.634678
05/08/2021,BFBS Gurkha Radio,Catterick,Vimy Barracks,LRSL104239,1134,SE184964,186,10,"0.001,000",,,,,,,,,,,,,,,,,,,,,,,,,,,,,,,,,,,,,,10,"0.001,000",,,,,,,,,,,,,,,,,,,,,,,,,,,,,,,,,,,,,54.362774,-1.718342
15/04/2019,BFBS Gurkha Radio,Warminster,Warminster - BFBS Community Centre,LRSL102186,1287,ST88564552,132,10,"0.001,000",,,,,,,,,,,,,,,,,,,,,,,,,,,,,,,,,,,,,,10,"0.001,000",,,,,,,,,,,,,,,,,,,,,,,,,,,,,,,,,,,,,51.208761,-2.165146
,Bradford Asian Radio,Bradford,Bradford - St Barnabas Church,CR100145,1413,SE14353565,186,23,"0.010,000",,,,,,,,,,,,,,,,,,,,,,,,,,,,,,,,,,,,,,23,"0.040,000",,,,,,,,,,,,,,,,,,,,,,,,,,,,,,,,,,,,,53.816917,-1.783525
01/01/1900,Canterbury Hospital Radio,Canterbury,Kent and Canterbury Hospital,LRSL000052,945,TR154564,42,10,"0.001,000",,,,,,,,,,,,,,,,,,,,,,,,,,,,,,,,,,,,,,10,"0.001,000",,,,,,,,,,,,,,,,,,,,,,,,,,,,,,,,,,,,,51.266026,1.086243
30/03/2022,Carillon Radio,Coalville,Coalville Community Hospital,LRSL104520,1431,SK439141,160,10,"0.001,000",,,,,,,,,,,,,,,,,,,,,,,,,,,,,,,,,,,,,,10,"0.001,000",,,,,,,,,,,,,,,,,,,,,,,,,,,,,,,,,,,,,52.722761,-1.351463
15/10/2018,Carillon Wellbeing Radio,Coalville,Coalville Town FC,CR101731,1476,SK41791403,152,24,"0.250,000",,,,,,,,,,,,,,,,,,,,,,,,,,,,,,,,,,,,,,24,"0.250,000",,,,,,,,,,,,,,,,,,,,,,,,,,,,,,,,,,,,,52.722298,-1.38271
02/03/2022,CHR 1431 AM,Chichester,St Richard's Hospital,LRSL104431,1431,SU867059,20,10,"0.001,000",,,,,,,,,,,,,,,,,,,,,,,,,,,,,,,,,,,,,,10,"0.001,000",,,,,,,,,,,,,,,,,,,,,,,,,,,,,,,,,,,,,50.846129,-0.769877
01/01/1900,Clyde 2,Glasgow,Dechmont Hill,AL000074,1152,NS647578,32,71,"3.600,004",330,0,0,0,1,2,3,4.5,6,8,9,10,12,14,16,17,17,16,15,13,12,10,9,7.3,6,4,2,1,0,0,0,0,0,0,0,0,0,71,"3.600,004",0,0,0,1,2,3,4.5,6,8,9,10,12,14,16,17,17,16,15,13,12,10,9,7.3,6,4,2,1,0,0,0,0,0,0,0,0,0,55.794472,-4.159643
18/11/2015,Dales Radio,Yorkshire Dales,Hawes MF,CR100180,936,SD87539026,230,38,"0.150,000",,,,,,,,,,,,,,,,,,,,,,,,,,,,,,,,,,,,,,45,"0.150,000",,,,,,,,,,,,,,,,,,,,,,,,,,,,,,,,,,,,,54.307766,-2.193151
12/11/2020,Desi Radio,Southall,Glade Lane,CR000061,1602,TQ13937966,27,42,"0.160,000",,,,,,,,,,,,,,,,,,,,,,,,,,,,,,,,,,,,,,42,"0.250,000",,,,,,,,,,,,,,,,,,,,,,,,,,,,,,,,,,,,,51.50439,-0.359891
01/05/1995,Downtown Radio,Belfast,Knock-Breckan,AL000120,1026,IJ37096750,137,62,"1.700,000",295,3,3,3,4,4,4,3,3,3,2,2,2,1,1,1,0,0,0,0,0,0,0,0,0,0,0,0,0,0,0,1,1,1,2,2,2,62,"1.700,000",0,0,0,4,4,4,0,0,0,0,0,0,0,0,0,0,0,0,0,0,0,0,0,0,0,0,0,0,0,0,0,0,0,0,0,0,54.537281,-5.882789
02/11/2011,Flame CCR,Wirral,Willaston,CR000155,1521,SJ328770,49,12,"0.070,000",,,,,,,,,,,,,,,,,,,,,,,,,,,,,,,,,,,,,,10,"0.070,000",,,,,,,,,,,,,,,,,,,,,,,,,,,,,,,,,,,,,53.285675,-3.009447
01/01/1900,Forth 2,Edinburgh,Colinswell,AL000098,1548,NT221861,7,110,"2.200,002",,,,,,,,,,,,,,,,,,,,,,,,,,,,,,,,,,,,,,110,"2.200,002",,,,,,,,,,,,,,,,,,,,,,,,,,,,,,,,,,,,,56.061352,-3.252606
31/05/1994,Gold,Manchester,Ashton Moss (NGW),AL000161,1458,SJ91559847,101,49,"5.000,000",280,6,8,12,18,18,18,18,18,18,18,18,18,18,18,18,18,18,18,12,8,6,3,2,1,1,0,0,0,0,0,0,0,1,1,2,3,49,"5.000,000",6,8,12,18,18,18,18,18,18,18,18,18,18,18,18,18,18,18,12,8,6,3,2,1,1,0,0,0,0,0,0,0,1,1,2,3,53.482863,-2.128802
11/02/1991,Gold,Peterborough,Gunthorpe,AL000023,1332,TF18720360,3,83,"0.600,000",,,,,,,,,,,,,,,,,,,,,,,,,,,,,,,,,,,,,,83,"0.500,000",,,,,,,,,,,,,,,,,,,,,,,,,,,,,,,,,,,,,52.617188,-0.247858
01/01/1900,Gold,Northampton,Kings Heath,AL000011,1557,SP74006336,63,61,"0.760,001",,,,,,,,,,,,,,,,,,,,,,,,,,,,,,,,,,,,,,61,"0.760,001",,,,,,,,,,,,,,,,,,,,,,,,,,,,,,,,,,,,,52.263422,-0.917137
01/01/1900,Gold,Derby,Quarndon,AL000106,945,SK332419,125,63,"0.200,000",,,,,,,,,,,,,,,,,,,,,,,,,,,,,,,,,,,,,,63,"0.200,000",,,,,,,,,,,,,,,,,,,,,,,,,,,,,,,,,,,,,52.973416,-1.507057
01/01/1900,Gold,London,Saffron Green,AL000066,1548,TQ216977,98,71,"97.500,086",160,14,14,14,14,16.5,20,20,14,8,4.5,2,1,0,0,0,0,0,0,0,0,0,1,2,4.5,8,14,20,20,16.5,14,14,14,14,14,14,14,71,"97.500,086",14,14,14,14,16.5,20,20,14,8,4.5,2,1,0,0,0,0,0,0,0,0,0,1,2,4.5,8,14,20,20,16.5,14,14,14,14,14,14,14,51.66492,-0.243194
01/01/1900,Gold,Nottingham,Trowell,AL000106,999,SK50613980,69,35,"0.250,000",110,7,5,4,3,2,1,0,0,0,0,0,0,0,0,0,0,0,0,1,2,3,5,7,9,12,18,25,35,35,34,31,24,19,15,12,9,35,"0.250,000",7,3,3,0,0,0,0,0,0,0,0,0,0,0,0,0,0,0,0,0,3,3,7,9,11,15,18,25,25,25,25,25,18,15,11,9,52.953184,-1.248147
01/01/1900,Greatest Hits Radio,Barnsley,Ardsley,AL000092,1305,SE39010617,94,45,"0.150,000",,,,,,,,,,,,,,,,,,,,,,,,,,,,,,,,,,,,,,45,"0.150,000",,,,,,,,,,,,,,,,,,,,,,,,,,,,,,,,,,,,,53.550702,-1.412685
01/01/1900,Greatest Hits Radio,Doncaster,Crimpsall,AL000092,990,SE566032,12,60,"0.250,000",90,3,3,2,1,1,0,0,0,0,0,0,0,0,0,1,1,2,3,3,4,6,7,8,10,11,12,14,14,14,12,11,10,8,7,6,4,60,"0.250,000",3,3,2,1,1,0,0,0,0,0,0,0,0,0,1,1,2,3,3,4,6,7,8,10,11,12,14,14,14,12,11,10,8,7,6,4,53.522412,-1.147759
01/01/1900,Greatest Hits Radio,Tyne and Wear,Greenside,AL000082,1152,NZ151627,122,71,"1.800,002",70,3,2,1,0,0,0,0,0,0,0,0,0,1,2,3,4.5,6,9,12,14,12,10.5,9,8,7,7,7,8,9,10.5,12,14,12,9,6,4.5,71,"1.800,002",3,2,1,0,0,0,0,0,0,0,0,0,1,2,3,4.5,6,9,12,14,12,10.5,9,8,7,7,7,8,9,10.5,12,14,12,9,6,4.5,54.95869,-1.765727
01/01/1900,Greatest Hits Radio,Stoke-on-Trent,Sideway,AL000088,1170,SJ87644339,101,49,"0.200,000",,,,,,,,,,,,,,,,,,,,,,,,,,,,,,,,,,,,,,49,"0.200,000",,,,,,,,,,,,,,,,,,,,,,,,,,,,,,,,,,,,,52.987686,-2.185565
01/01/1900,Greatest Hits Radio,Sheffield and Rotherham,Skew Hill,AL000092,1548,SK327933,229,53,"0.740,000",130,17,16,15,14,9,8,6,4,3,2,1,1,0,0,0,1,1,2,3,4,6,8,9,14,15,16,17,17,16,14,13,13,13,14,16,17,53,"0.740,000",17,16,15,14,9,8,6,4,3,2,1,1,0,0,0,1,1,2,3,4,6,8,9,14,15,16,17,17,16,14,13,13,13,14,16,17,53.435456,-1.509255
01/01/1900,Greatest Hits Radio,Teesside,Stockton,AL000104,1170,NZ42122169,38,38,"0.320,000",,,,,,,,,,,,,,,,,,,,,,,,,,,,,,,,,,,,,,38,"0.320,000",,,,,,,,,,,,,,,,,,,,,,,,,,,,,,,,,,,,,54.588636,-1.349732
01/01/1900,Greatest Hits Radio,Bradford,Tyersal Lane,AL000072,1278,SE197322,186,46,"0.430,000",290,1.5,1.5,3,5,5,7.5,7.5,9,11,11,17,17,17,11,11,9,7.5,7.5,5,5,3,1.5,1.5,1.5,0,0,0,0,0,0,0,0,0,0,0,1.5,46,"0.430,000",1.5,1.5,3,5,5,7.5,7.5,9,11,11,17,17,17,11,11,9,7.5,7.5,5,5,3,1.5,1.5,1.5,0,0,0,0,0,0,0,0,0,0,0,1.5,53.785735,-1.702486
01/01/1900,Greatest Hits Radio,Halifax and Huddersfield,Vicars Lot,AL000072,1530,SE07181725,340,65,"0.740,000",,,,,,,,,,,,,,,,,,,,,,,,,,,,,,,,,,,,,,65,"0.740,000",,,,,,,,,,,,,,,,,,,,,,,,,,,,,,,,,,,,,53.651685,-1.892848
04/02/2020,Hub Radio,North Bristol,UWE Frenchay Campus,LRSL103086,1449,ST620780,77,10,"0.001,000",,,,,,,,,,,,,,,,,,,,,,,,,,,,,,,,,,,,,,10,"0.001,000",,,,,,,,,,,,,,,,,,,,,,,,,,,,,,,,,,,,,51.499642,-2.548824
01/02/2017,Jeo Radio,London,Sewardstone,AL000172,1584,TQ37949753,18,20,"0.500,000",,,,,,,,,,,,,,,,,,,,,,,,,,,,,,,,,,,,,,36,"0.500,000",,,,,,,,,,,,,,,,,,,,,,,,,,,,,,,,,,,,,51.659623,-0.007147
13/01/2020,L and D Radio,Luton & Dunstable,Luton and Dunstable Hospital,LRSL103107,1134,TL050228,136,10,"0.001,000",,,,,,,,,,,,,,,,,,,,,,,,,,,,,,,,,,,,,,10,"0.001,000",,,,,,,,,,,,,,,,,,,,,,,,,,,,,,,,,,,,,51.893859,-0.47553
01/01/1900,LBC News,London,Saffron Green,AL000007,1152,TQ216977,98,71,"23.500,007",160,20,20,20,20,20,20,20,20,14,8,8,3,1,1,0,0,0,0,0,1,1,3,8,8,14,20,20,20,20,20,20,20,20,20,20,20,71,"23.500,007",20,20,20,20,20,20,20,20,14,8,8,3,1,1,0,0,0,0,0,1,1,3,8,8,14,20,20,20,20,20,20,20,20,20,20,20,51.66492,-0.243194
,Leicester Community Radio,Leicester,St. Peter's Highfield Church,LRSL102380,1449,SK5988703943,80,20,"0.001,000",,,,,,,,,,,,,,,,,,,,,,,,,,,,,,,,,,,,,,20,"0.001,000",,,,,,,,,,,,,,,,,,,,,,,,,,,,,,,,,,,,,52.629934,-1.116632
01/01/1900,Livewire Radio,Norwich,Colney Training Centre,LRSL000110,1350,TG172066,32,10,"0.001,000",,,,,,,,,,,,,,,,,,,,,,,,,,,,,,,,,,,,,,10,"0.001,000",,,,,,,,,,,,,,,,,,,,,,,,,,,,,,,,,,,,,52.613702,1.206812
08/04/2019,Lyca Dil Se 1035,London,Glade Lane,AL000160,1035,TQ13937966,27,42,"2.500,000",,,,,,,,,,,,,,,,,,,,,,,,,,,,,,,,,,,,,,42,"2.500,000",,,,,,,,,,,,,,,,,,,,,,,,,,,,,,,,,,,,,51.50439,-0.359891
01/01/1994,Lyca Radio 1458,London,Brookmans Park,AL000156,1458,TL26040481,127,76,"124.999,996",155,10,12,14,14,12,9,6,4,2,1,0,0,0,0,0,0,0,0,0,0,0,0,1,2,3,4,6,10,13,14,13,11,10,9,9,9,76,"124.999,996",10,12,14,14,12,9,6,4,2,1,0,0,0,0,0,0,0,0,0,0,0,0,1,2,3,4,6,10,13,14,13,11,10,9,9,9,51.727838,-0.176464
01/01/1900,Manx Radio (AM),Isle of Man,FOXDALE,IOM100891,1368,SC29207780,164,55,"20.000,000",,1,0,0,0,1,0.5,1,2,3,5,6,7,9,9,9,7,6,5,1,0,0,0,0,1,2,3,4,5,7,7,7,9,9,7,7,6,55,"20.000,000",3,1,1,1,0,0,1,2,3,5,6,7,9,9,9,7,6,5,3,2,1,1,0,0,1,1,3,5,7,7,9,9,7,7,6,4,54.167479,-4.61788
01/01/1900,MFR 2,Inverness,Tarbat Ness,AL000056,1107,NH92978389,12,26,"1.499,999",,,,,,,,,,,,,,,,,,,,,,,,,,,,,,,,,,,,,,26,"1.499,999",,,,,,,,,,,,,,,,,,,,,,,,,,,,,,,,,,,,,57.831682,-3.804014
28/06/2021,Mid-Downs Radio,Haywards Heath,Princess Royal Hospital,LRSL104208,1350,TQ341229,79,10,"0.001,000",,,,,,,,,,,,,,,,,,,,,,,,,,,,,,,,,,,,,,10,"0.001,000",,,,,,,,,,,,,,,,,,,,,,,,,,,,,,,,,,,,,50.989879,-0.090688
06/05/2021,Panjab Radio,Greater London,Crystal Palace,AL000050,558,TQ33947122,110,125,"2.500,000",,0,0,0,0,2,3,4,5,6,7,7,8,8,8,8,8,8,8,8,7,6,5,4,3,2,0,0,0,0,0,0,0,0,0,0,0,125,"2.999,998",0,0,0,0,2,3,4,5,6,7,7,8,8,8,8,8,8,8,8,7,6,5,4,3,2,0,0,0,0,0,0,0,0,0,0,0,51.424161,-0.074944
23/06/1997,Premier Christian Radio,London,Bow,AL000176,1332,TQ37598342,1,51,"1.000,000",270,0.5,1,2,3,4,5,6,6.5,7,7,6.5,6,5,4,3,2,1,0.5,0,0,0,0,0,0,0,0,0,0,0,0,0,0,0,0,0,0,46,"1.000,000",0,0,0,0,0,0,4,4,4,0,0,0,0,0,0,0,0,0,0,0,0,0,0,0,0,0,0,0,0,0,0,0,0,0,0,0,51.532918,-0.017732
22/04/2004,Premier Christian Radio,London,Chingford,AL000176,1305,TQ37799650,15,25,"0.500,000",,,,,,,,,,,,,,,,,,,,,,,,,,,,,,,,,,,,,,30,"0.500,000",,,,,,,,,,,,,,,,,,,,,,,,,,,,,,,,,,,,,51.650405,-0.00972
01/06/1995,Premier Christian Radio,London,Dartford Marshes,AL000176,1413,TQ55337702,3,36,"0.500,000",,,,,,,,,,,,,,,,,,,,,,,,,,,,,,,,,,,,,,36,"0.500,000",,,,,,,,,,,,,,,,,,,,,,,,,,,,,,,,,,,,,51.470819,0.235016
31/05/1995,Premier Christian Radio,London,Heathrow,AL000176,1413,TQ07947725,25,20,"0.500,000",,,,,,,,,,,,,,,,,,,,,,,,,,,,,,,,,,,,,,42,"0.500,000",,,,,,,,,,,,,,,,,,,,,,,,,,,,,,,,,,,,,51.483903,-0.446896
31/05/1995,Premier Christian Radio,London,North Looe,AL000176,1305,TQ22896102,83,40,"0.500,000",,,,,,,,,,,,,,,,,,,,,,,,,,,,,,,,,,,,,,42,"0.500,000",,,,,,,,,,,,,,,,,,,,,,,,,,,,,,,,,,,,,51.334992,-0.237316
01/03/2000,Premier Christian Radio,Guildford,Peasmarsh,AL000080,1566,SU984459,39,39,"0.800,000",,,,,,,,,,,,,,,,,,,,,,,,,,,,,,,,,,,,,,39,"0.800,000",,,,,,,,,,,,,,,,,,,,,,,,,,,,,,,,,,,,,51.203838,-0.592895
21/09/2011,Radio BGWS,Farnborough,Farnborough,CR000210,1179,SU861573,72,10,"0.001,000",,,,,,,,,,,,,,,,,,,,,,,,,,,,,,,,,,,,,,10,"0.070,000",,,,,,,,,,,,,,,,,,,,,,,,,,,,,,,,,,,,,51.308305,-0.766169
25/11/2021,Radio Caroline,Suffolk,Orfordness-A,CR101725,648,TM44875098,5,60,"4.000,000",,,,,,,,,,,,,,,,,,,,,,,,,,,,,,,,,,,,,,60,"1.000,000",,,,,,,,,,,,,,,,,,,,,,,,,,,,,,,,,,,,,52.102899,1.574156
25/10/2021,Radio Cavell,Oldham,Royal Oldham Hospital,LRSL104365,1350,SD920062,176,10,"0.001,000",,,,,,,,,,,,,,,,,,,,,,,,,,,,,,,,,,,,,,10,"0.001,000",,,,,,,,,,,,,,,,,,,,,,,,,,,,,,,,,,,,,53.55235,-2.122221
09/01/2023,Radio City Swansea,Swansea,Mynydd-bach-y-glo,LRSL103247,1386,SS615957,49,10,"0.002,000",,,,,,,,,,,,,,,,,,,,,,,,,,,,,,,,,,,,,,10,"0.002,000",,,,,,,,,,,,,,,,,,,,,,,,,,,,,,,,,,,,,51.642985,-4.003012
18/11/2021,Radio Clatterbridge,Clatterbridge,Clatterbridge Hospital,LRSL104423,1386,SJ317822,27,10,"0.001,000",,,,,,,,,,,,,,,,,,,,,,,,,,,,,,,,,,,,,,10,"0.001,000",,,,,,,,,,,,,,,,,,,,,,,,,,,,,,,,,,,,,53.332267,-3.027065
11/05/2019,Radio Panj,Coventry,Ryton on Dunsmore,CR100535,1521,SP39037397,80,30,"0.100,000",,,,,,,,,,,,,,,,,,,,,,,,,,,,,,,,,,,,,,30,"0.100,000",,,,,,,,,,,,,,,,,,,,,,,,,,,,,,,,,,,,,52.362389,-1.428267
18/04/2019,Radio Ramadan 365,Glasgow,Glasgow - Shieldhall,CR101766,1530,NS53766641,2,16,"0.040,000",,,,,,,,,,,,,,,,,,,,,,,,,,,,,,,,,,,,,,16,"0.100,000",,,,,,,,,,,,,,,,,,,,,,,,,,,,,,,,,,,,,55.86858,-4.338619
12/03/2021,Radio Redhill,Redhill,East Surrey Hospital,LRSL104018,1431,TQ285482,66,10,"0.001,000",,,,,,,,,,,,,,,,,,,,,,,,,,,,,,,,,,,,,,10,"0.001,000",,,,,,,,,,,,,,,,,,,,,,,,,,,,,,,,,,,,,51.218538,-0.161434
15/01/2019,Radio Seerah,Leicester,Leicester - SIR Fabrics,CR101765,1575,SK60560363,73,12,"0.004,000",,,,,,,,,,,,,,,,,,,,,,,,,,,,,,,,,,,,,,10,"0.004,000",,,,,,,,,,,,,,,,,,,,,,,,,,,,,,,,,,,,,52.627046,-1.106748
21/04/2016,Radio Warrington,Warrington,Warrington,CR100137,1332,SJ58458686,1,13,"0.100,000",,,,,,,,,,,,,,,,,,,,,,,,,,,,,,,,,,,,,,13,"0.100,000",,,,,,,,,,,,,,,,,,,,,,,,,,,,,,,,,,,,,53.376934,-2.626032
01/05/1995,Radio XL,Birmingham,Langley Mill  B,AL000171,1296,SP163966,91,50,"10.000,000",235,10,11,12,15,15,20,20,20,14,10,9,9,9,8,7,4,3,2,2,2,2,1,1,0,0,1,1,2,2,3,4,7,8,8,9,9,50,"10.000,000",12,14,14,15,15,15,14,14,12,10,8,6,4,3,3,2,2,2,1,0,0,0,0,1,1,1,1,1,1,2,2,3,4,6,8,10,52.566973,-1.760955
18/09/2019,RaW 1251 AM,Coventry,University of Warwick,LRSL103079,1251,SP299758,90,10,"0.001,000",,,,,,,,,,,,,,,,,,,,,,,,,,,,,,,,,,,,,,10,"0.001,000",,,,,,,,,,,,,,,,,,,,,,,,,,,,,,,,,,,,,52.379413,-1.562174
27/10/2021,Reindeer Lodge,Mold,Black Meadows - Mold,LRSL104364,1287,SJ2660759617,149,10,"0.001,000",,,,,,,,,,,,,,,,,,,,,,,,,,,,,,,,,,,,,,10,"0.001,000",,,,,,,,,,,,,,,,,,,,,,,,,,,,,,,,,,,,,53.128628,-3.098319
01/01/1900,Sabras Radio,Leicester,Freemens Common,AL000058,1260,SK58890271,79,46,"0.290,000",,,,,,,,,,,,,,,,,,,,,,,,,,,,,,,,,,,,,,46,"0.290,000",,,,,,,,,,,,,,,,,,,,,,,,,,,,,,,,,,,,,52.61896,-1.13158
15/09/2020,Salaam BCR,BURY,Bury - Jackson Fold Farm,CR100168,1566,SD82610922,115,25,"0.060,000",,,,,,,,,,,,,,,,,,,,,,,,,,,,,,,,,,,,,,30,"0.060,000",,,,,,,,,,,,,,,,,,,,,,,,,,,,,,,,,,,,,53.579265,-2.264119
01/01/1900,Smooth Radio,Chelmsford,Bakers Wood,AL000005,1359,TL66010344,90,58,"0.280,000",,,,,,,,,,,,,,,,,,,,,,,,,,,,,,,,,,,,,,58,"0.280,000",,,,,,,,,,,,,,,,,,,,,,,,,,,,,,,,,,,,,51.705132,0.401129
11/09/1996,Smooth Radio,Eastbourne,Bexhill MF,AL000084,945,TQ724071,15,45,"0.700,000",,,,,,,,,,,,,,,,,,,,,,,,,,,,,,,,,,,,,,45,"0.700,000",,,,,,,,,,,,,,,,,,,,,,,,,,,,,,,,,,,,,50.837744,0.447085
01/01/1900,Smooth Radio,Swindon,Blunsdon MF,AL000064,1161,SU14339004,147,55,"0.160,000",,,,,,,,,,,,,,,,,,,,,,,,,,,,,,,,,,,,,,55,"0.160,000",,,,,,,,,,,,,,,,,,,,,,,,,,,,,,,,,,,,,51.609004,-1.794462
01/01/1900,Smooth Radio,Great Yarmouth and Norwich,Brundall,AL000108,1152,TG305077,3,26,"0.830,000",,,,,,,,,,,,,,,,,,,,,,,,,,,,,,,,,,,,,,26,"0.830,000",,,,,,,,,,,,,,,,,,,,,,,,,,,,,,,,,,,,,52.618097,1.403665
01/01/1900,Smooth Radio,Portsmouth,Farlington Marshes,AL000114,1170,SU688052,3,46,"0.120,000",,,,,,,,,,,,,,,,,,,,,,,,,,,,,,,,,,,,,,46,"0.120,000",,,,,,,,,,,,,,,,,,,,,,,,,,,,,,,,,,,,,50.842237,-1.024216
01/01/1900,Smooth Radio,Wrexham and Deeside,Farndon,AL000086,1260,SJ405554,7,46,"0.640,000",270,4.5,6,7,9,10,12,14,17,17,17,17,17,14,12,10,9,7,6,4.5,3,2.5,2,1,1,0.5,0.5,0,0,0,0.5,0.5,1,1,2,2.5,3,46,"0.640,000",4.5,6,7,9,10,12,14,17,17,17,17,17,14,12,10,9,7,6,4.5,3,2.5,2,1,1,0.5,0.5,0,0,0,0.5,0.5,1,1,2,2.5,3,53.092461,-2.889935
01/01/1900,Smooth Radio,Bournemouth,Fern Barrow,AL000025,828,SZ06989258,44,45,"0.270,000",,,,,,,,,,,,,,,,,,,,,,,,,,,,,,,,,,,,,,45,"0.270,000",,,,,,,,,,,,,,,,,,,,,,,,,,,,,,,,,,,,,50.732788,-1.902461
01/01/1900,Smooth Radio,Ipswich,Foxhall Heath,AL000070,1170,TM21284456,31,53,"0.280,000",,,,,,,,,,,,,,,,,,,,,,,,,,,,,,,,,,,,,,53,"0.280,000",,,,,,,,,,,,,,,,,,,,,,,,,,,,,,,,,,,,,52.055203,1.226159
01/01/1900,Smooth Radio,Bury St Edmunds,Great Barton,AL000070,1251,TL88686863,61,51,"0.760,001",280,1,2,2,3,3,3,4.5,4.5,4.5,4.5,4.5,4.5,4.5,4.5,4.5,3,3,3,2,2,1,1,1,1,1,0,0,0,0,0,0,0,1,1,1,1,51,"0.760,001",1,2,2,3,3,3,4.5,4.5,4.5,4.5,4.5,4.5,4.5,4.5,4.5,3,3,3,2,2,1,1,1,1,1,0,0,0,0,0,0,0,1,1,1,1,52.283402,0.764679
01/01/1900,Smooth Radio,Maidstone and Medway,Hoo St Werburgh MF,AL000112,1242,TQ788730,20,62,"0.320,000",180,24,24,22,20,18,14,10.4,8,6,4.4,3,2,1,1,0,0,0,0,0,0,0,0,0,1,1,2,3,4.4,6,8,10.4,14,18,20,22,24,62,"0.320,000",24,24,22,20,18,14,10.4,8,6,4.4,3,2,1,1,0,0,0,0,0,0,0,0,0,1,1,2,3,4.4,6,8,10.4,14,18,20,22,24,51.427787,0.57056
01/01/1900,Smooth Radio,Gloucester and Cheltenham,Little Shurdington,AL000029,774,SO91321750,69,65,"0.140,000",295,2,2,3,4.5,6,6,8,8,8,10,10,12,12,10,10,8,8,8,6,6,4.5,3,2,2,1,1,0,0,0,0,0,0,0,0,1,1,65,"0.140,000",2,2,3,4.5,6,6,8,8,8,10,10,12,12,10,10,8,8,8,6,6,4.5,3,2,2,1,1,0,0,0,0,0,0,0,0,1,1,51.856009,-2.127435
01/01/1900,Smooth Radio,East Kent,Littlebourne,AL000112,603,TR203590,32,82,"0.400,000",,,,,,,,,,,,,,,,,,,,,,,,,,,,,,,,,,,,,,82,"0.400,000",,,,,,,,,,,,,,,,,,,,,,,,,,,,,,,,,,,,,51.287498,1.157969
01/01/1900,Smooth Radio,West Wiltshire,Naish Hill,AL000064,936,ST94776858,175,64,"0.180,000",,,,,,,,,,,,,,,,,,,,,,,,,,,,,,,,,,,,,,64,"0.180,000",,,,,,,,,,,,,,,,,,,,,,,,,,,,,,,,,,,,,51.416202,-2.076595
01/01/1900,Smooth Radio,Plymouth,Plumer Barracks,AL000102,1152,SX49065848,101,38,"0.320,000",,,,,,,,,,,,,,,,,,,,,,,,,,,,,,,,,,,,,,38,"0.320,000",,,,,,,,,,,,,,,,,,,,,,,,,,,,,,,,,,,,,50.406749,-4.125485
01/01/1900,Smooth Radio,Southend,Rayleigh MF,AL000005,1431,TQ830904,33,21,"0.350,000",,,,,,,,,,,,,,,,,,,,,,,,,,,,,,,,,,,,,,21,"0.350,000",,,,,,,,,,,,,,,,,,,,,,,,,,,,,,,,,,,,,51.582733,0.639928
01/01/1900,Smooth Radio,Brighton,Southwick,AL000084,1323,TQ23390510,5,83,"0.500,000",,,,,,,,,,,,,,,,,,,,,,,,,,,,,,,,,,,,,,83,"0.500,000",,,,,,,,,,,,,,,,,,,,,,,,,,,,,,,,,,,,,50.832284,-0.24922
01/01/1900,Smooth Radio,Southampton,Veals Farm,AL000114,1557,SU397095,4,41,"0.500,000",,,,,,,,,,,,,,,,,,,,,,,,,,,,,,,,,,,,,,41,"0.500,000",,,,,,,,,,,,,,,,,,,,,,,,,,,,,,,,,,,,,50.883626,-1.437023
01/01/1900,Stag Radio,Guildford,University of Surrey,LRSL000063,1350,SU986502,70,10,"0.001,000",,,,,,,,,,,,,,,,,,,,,,,,,,,,,,,,,,,,,,10,"0.001,000",,,,,,,,,,,,,,,,,,,,,,,,,,,,,,,,,,,,,51.242457,-0.588852
01/11/2019,Sunrise Radio,West London,Glade Lane,AL100581,972,TQ13937966,27,42,"1.600,000",,,,,,,,,,,,,,,,,,,,,,,,,,,,,,,,,,,,,,42,"1.600,000",,,,,,,,,,,,,,,,,,,,,,,,,,,,,,,,,,,,,51.50439,-0.359891
05/06/1995,Sunrise Radio,London,Lea Bridge Road,AL100581,963,TQ36058660,10,39,"0.950,001",,,,,,,,,,,,,,,,,,,,,,,,,,,,,,,,,,,,,,36,"1.000,000",,,,,,,,,,,,,,,,,,,,,,,,,,,,,,,,,,,,,51.561867,-0.038692
01/10/1992,Sunshine Radio (AM),Ludlow,Villa Farm Greete,AL102759,855,SO56977088,92,48,"0.150,000",,,,,,,,,,,,,,,,,,,,,,,,,,,,,,,,,,,,,,48,"0.150,000",,,,,,,,,,,,,,,,,,,,,,,,,,,,,,,,,,,,,52.334295,-2.63292
07/09/1995,Talk Sport,Lincs,Boston MF,AN000003,1107,TF25984483,0,30,"1.000,000",,,,,,,,,,,,,,,,,,,,,,,,,,,,,,,,,,,,,,35,"1.000,000",,,,,,,,,,,,,,,,,,,,,,,,,,,,,,,,,,,,,52.985991,-0.124813
15/01/1995,Talk Sport,London,Brookmans Park,AN000003,1089,TL26040481,127,76,"400.000,008",160,10,12,15,20,18,12,8,6,4,2,1,1,0,0,0,0,0,0,0,0,0,1,2,3,4,7,10,15,20,18,14,11,9,8,8,9,76,"400.000,008",10,12,15,20,18,12,8,6,4,2,1,1,0,0,0,0,0,0,0,0,0,1,2,3,4,7,10,15,20,18,14,11,9,8,8,9,51.727838,-0.176464
30/05/1995,Talk Sport,Nottingham,Clipstone,AN000003,1071,SK58346419,91,54,"1.000,000",,,,,,,,,,,,,,,,,,,,,,,,,,,,,,,,,,,,,,54,"1.000,000",,,,,,,,,,,,,,,,,,,,,,,,,,,,,,,,,,,,,53.171618,-1.128693
15/03/1995,Talk Sport,Dartford Tunnel,Dartford Tunnel,AN000003,1089,TQ571769,3,0,"0.004,000",,,,,,,,,,,,,,,,,,,,,,,,,,,,,,,,,,,,,,0,"0.004,000",,,,,,,,,,,,,,,,,,,,,,,,,,,,,,,,,,,,,51.469253,0.260425
15/01/1995,Talk Sport,Worcestershire,Droitwich,AN000003,1053,SO92916672,48,100,"499.999,995",40,1,1,0,0,0,0,0,1,1,2,3,4,5,6,6,7,7,8,9,10,10,10,9,9,9,9,10,10,10,9,8,7,5,4,3,2,100,"499.999,995",1,1,0,0,0,0,0,1,1,2,3,4,5,6,6,7,7,8,9,10,10,10,9,9,9,9,10,10,10,9,8,7,5,4,3,2,52.298545,-2.105388
15/01/1995,Talk Sport,Dumfries,Dumfries MF,AN000003,1053,NY05487137,12,50,"10.000,000",,,,,,,,,,,,,,,,,,,,,,,,,,,,,,,,,,,,,,50,"10.000,000",,,,,,,,,,,,,,,,,,,,,,,,,,,,,,,,,,,,,55.027822,-3.480171
01/10/1999,Talk Sport,West Sussex,Duxhurst,AN000003,1107,TQ25864534,65,39,"1.000,000",,,,,,,,,,,,,,,,,,,,,,,,,,,,,,,,,,,,,,39,"1.000,000",,,,,,,,,,,,,,,,,,,,,,,,,,,,,,,,,,,,,51.193421,-0.200217
15/01/1995,Talk Sport,Hampshire,Fareham,AN000003,1107,SU54520582,30,61,"1.000,000",,,,,,,,,,,,,,,,,,,,,,,,,,,,,,,,,,,,,,61,"1.000,000",,,,,,,,,,,,,,,,,,,,,,,,,,,,,,,,,,,,,50.849331,-1.226918
15/01/1995,Talk Sport,Bournemouth,Fern Barrow,AN000003,1053,SZ06989258,44,45,"1.000,000",,,,,,,,,,,,,,,,,,,,,,,,,,,,,,,,,,,,,,45,"1.000,000",,,,,,,,,,,,,,,,,,,,,,,,,,,,,,,,,,,,,50.732788,-1.902461
15/01/1995,Talk Sport,Dundee,Greenside Scalp,AN000003,1053,NO43142903,15,46,"1.000,000",,,,,,,,,,,,,,,,,,,,,,,,,,,,,,,,,,,,,,46,"1.000,000",,,,,,,,,,,,,,,,,,,,,,,,,,,,,,,,,,,,,56.449964,-2.924023
15/01/1995,Talk Sport,Humberside,Hull MF,AN000003,1053,TA16912585,8,46,"1.000,000",,,,,,,,,,,,,,,,,,,,,,,,,,,,,,,,,,,,,,46,"1.000,000",,,,,,,,,,,,,,,,,,,,,,,,,,,,,,,,,,,,,53.715959,-0.229947
15/01/1995,Talk Sport,Antrim,Lisnagarvey,AN000003,1089,IJ25746187,44,46,"12.500,000",,,,,,,,,,,,,,,,,,,,,,,,,,,,,,,,,,,,,,46,"12.500,000",,,,,,,,,,,,,,,,,,,,,,,,,,,,,,,,,,,,,54.489676,-6.060423
27/07/1995,Talk Sport,East Kent,Lydd,AN000003,1107,TR04892088,2,18,"2.000,000",,,,,,,,,,,,,,,,,,,,,,,,,,,,,,,,,,,,,,18,"2.000,000",,,,,,,,,,,,,,,,,,,,,,,,,,,,,,,,,,,,,50.950918,0.91565
15/01/1995,Talk Sport,West Yorkshire,Moorside Edge,AN000003,1089,SE07071542,340,152,"400.000,008",,6,4,2,1,1,0,0,0,0,1,2,3,4,7,11,20,19,10,6,4,3,2,1,0,0,0,0,1,2,3,4,7,11,20,20,10,152,"400.000,008",6,4,2,1,1,0,0,0,0,1,2,3,4,7,11,20,19,10,6,4,3,2,1,0,0,0,0,1,2,3,4,7,11,20,20,10,53.635238,-1.894553
15/01/1995,Talk Sport,Norfolk,Postwick,AN000003,1053,TG30380867,26,84,"18.000,021",115,3,3,2,1,1,0,0,0,0,0,0,0,0,0,0,0,0,0,0,1,1,2,2,3,4,4,5,5,5,5,5,5,5,5,4,4,84,"18.000,021",3,3,2,1,1,0,0,0,0,0,0,0,0,0,0,0,0,0,0,1,1,2,2,3,4,4,5,5,5,5,5,5,5,5,4,4,52.626852,1.402572
15/01/1995,Talk Sport,Sussex,Southwick,AN000003,1053,TQ23390510,5,82,"2.200,002",,,,,,,,,,,,,,,,,,,,,,,,,,,,,,,,,,,,,,82,"2.200,002",,,,,,,,,,,,,,,,,,,,,,,,,,,,,,,,,,,,,50.832284,-0.24922
15/01/1995,Talk Sport,Cleveland,Stockton,AN000003,1053,NZ42122169,38,38,"1.000,000",,,,,,,,,,,,,,,,,,,,,,,,,,,,,,,,,,,,,,38,"1.000,000",,,,,,,,,,,,,,,,,,,,,,,,,,,,,,,,,,,,,54.588636,-1.349732
30/05/1995,Talk Sport,West Kent,Tonbridge,AN000003,1053,TQ55714015,104,57,"4.000,000",,,,,,,,,,,,,,,,,,,,,,,,,,,,,,,,,,,,,,57,"4.000,000",,,,,,,,,,,,,,,,,,,,,,,,,,,,,,,,,,,,,51.139442,0.224404
15/01/1995,Talk Sport,Merseyside,Wallasey,AN000003,1107,SJ30539261,40,46,"0.500,000",,,,,,,,,,,,,,,,,,,,,,,,,,,,,,,,,,,,,,46,"0.500,000",,,,,,,,,,,,,,,,,,,,,,,,,,,,,,,,,,,,,53.42567,-3.046924
15/01/1995,Talk Sport,Somerset,Washford,AN000003,1089,ST05844110,41,152,"80.000,002",,,,,,,,,,,,,,,,,,,,,,,,,,,,,,,,,,,,,,152,"80.000,002",,,,,,,,,,,,,,,,,,,,,,,,,,,,,,,,,,,,,51.161365,-3.347935
15/01/1995,Talk Sport,Central Scotland,Westerglen,AN000003,1089,NS86647721,155,152,"124.999,996",,6,4,2,1,1,0,0,0,0,1,2,3,4,7,11,20,19,10,6,4,3,2,1,0,0,0,0,1,2,3,4,7,11,20,20,10,152,"124.999,996",6,4,2,1,1,0,0,0,0,1,2,3,4,7,11,20,19,10,6,4,3,2,1,0,0,0,0,1,2,3,4,7,11,20,20,10,55.974427,-3.818043
15/01/1995,Talk Sport,Newcastle,Wrekenton,AN000003,1071,NZ27465987,152,46,"1.000,000",,,,,,,,,,,,,,,,,,,,,,,,,,,,,,,,,,,,,,46,"1.000,000",,,,,,,,,,,,,,,,,,,,,,,,,,,,,,,,,,,,,54.932736,-1.572984
01/01/1900,Tay 2,Perth,Friarton Road,AL000027,1584,NO11932134,20,31,"0.210,000",,,,,,,,,,,,,,,,,,,,,,,,,,,,,,,,,,,,,,31,"0.210,000",,,,,,,,,,,,,,,,,,,,,,,,,,,,,,,,,,,,,56.376097,-3.427597
01/01/1900,Tay 2,Dundee,Greenside Scalp,AL000027,1161,NO43142903,15,46,"1.400,000",,,,,,,,,,,,,,,,,,,,,,,,,,,,,,,,,,,,,,46,"1.400,000",,,,,,,,,,,,,,,,,,,,,,,,,,,,,,,,,,,,,56.449964,-2.924023
01/01/1900,University Radio York,York,University of York,LRSL103660,1350,SE622506,15,10,"0.001,000",,,,,,,,,,,,,,,,,,,,,,,,,,,,,,,,,,,,,,10,"0.001,000",,,,,,,,,,,,,,,,,,,,,,,,,,,,,,,,,,,,,53.947755,-1.053788
01/01/1900,WestSound,Ayr,Symington,AL000013,1035,NS37733346,50,38,"0.320,000",,,,,,,,,,,,,,,,,,,,,,,,,,,,,,,,,,,,,,38,"0.320,000",,,,,,,,,,,,,,,,,,,,,,,,,,,,,,,,,,,,,55.567692,-4.574968
